stationID,stationName,Latitude,Longitude,01_MINT,C01_MINT,01_MAXT,C01_MAXT,01_PREC,C01_PREC,02_MINT,C02_MINT,02_MAXT,C02_MAXT,02_PREC,C02_PREC,03_MINT,C03_MINT,03_MAXT,C03_MAXT,03_PREC,C03_PREC,04_MINT,C04_MINT,04_MAXT,C04_MAXT,04_PREC,C04_PREC,05_MINT,C05_MINT,05_MAXT,C05_MAXT,05_PREC,C05_PREC,06_MINT,C06_MINT,06_MAXT,C06_MAXT,06_PREC,C06_PREC,07_MINT,C07_MINT,07_MAXT,C07_MAXT,07_PREC,C07_PREC,08_MINT,C08_MINT,08_MAXT,C08_MAXT,08_PREC,C08_PREC,09_MINT,C09_MINT,09_MAXT,C09_MAXT,09_PREC,C09_PREC,10_MINT,C10_MINT,10_MAXT,C10_MAXT,10_PREC,C10_PREC,11_MINT,C11_MINT,11_MAXT,C11_MAXT,11_PREC,C11_PREC,12_MINT,C12_MINT,12_MAXT,C12_MAXT,12_PREC,C12_PREC,1988_MINT,CYR_MINT,1988_MAXT,CYR_MAXT,1988_PREC,CYR_PREC,
IA0112,ALBIA,41.03,-92.8,12.0,13.3,33.0,31.5,0.28,1.09,12.0,18.9,33.0,37.8,0.65,1.22,28.0,28.2,53.0,48.5,0.9,2.33,39.0,40.6,65.0,63.1,0.91,3.57,52.0,51.4,79.0,73.6,2.6,4.58,61.0,60.5,88.0,82.3,1.81,4.53,64.0,65.3,92.0,86.9,1.32,4.6,67.0,63.1,90.0,84.9,3.74,3.69,55.0,54.3,80.0,77.2,3.71,4.02,37.0,43.5,60.0,66.0,0.34,2.61,32.0,30.7,51.0,49.6,3.65,2.27,20.0,19.1,41.0,36.0,0.4,1.26,40.1,40.8,63.8,61.5,20.31,35.76,
IA0133,ALGONA,43.07,-94.3,0.0,5.8,19.0,24.0,0.72,0.67,6.0,12.2,24.0,30.4,0.93,0.82,26.0,22.9,47.0,41.4,0.53,1.8,34.0,35.8,60.0,58.7,3.15,2.85,52.0,47.8,80.0,71.7,2.53,3.87,60.0,57.5,85.0,80.9,2.44,4.73,62.0,61.5,86.0,83.9,1.8,3.93,62.0,59.2,85.0,81.7,4.02,3.47,52.0,50.0,76.0,73.7,3.4,2.84,34.0,38.9,57.0,62.2,0.39,1.97,27.0,25.0,43.0,43.3,2.24,1.52,11.0,12.2,29.0,28.7,0.2,0.85,35.5,35.8,57.7,56.8,22.35,29.31,
IA0157,ALLISON,42.75,-92.78,4.0,7.6,23.0,25.4,0.9,0.74,7.0,13.7,27.0,31.8,0.04,0.87,27.0,24.1,48.0,42.9,0.7,1.93,36.0,37.1,62.0,59.9,2.4,3.19,53.0,48.9,81.0,72.4,1.1,4.27,59.0,58.4,89.0,81.4,4.45,5.04,62.0,62.3,88.0,84.5,3.16,4.67,63.0,60.3,90.0,82.6,3.47,4.19,51.0,51.2,79.0,74.7,2.03,3.26,35.0,40.3,58.0,63.1,0.58,2.32,27.0,26.9,47.0,44.8,1.22,1.77,15.0,14.1,32.0,30.2,0.03,1.08,36.7,37.1,60.4,57.9,20.08,33.34,
IA0200,AMES-8-WSW,42.03,-93.8,8.0,9.4,27.0,27.4,0.37,0.75,12.0,15.6,31.0,33.7,0.19,0.89,27.0,25.7,53.0,45.0,0.37,2.04,36.0,38.1,65.0,61.4,1.71,3.45,53.0,49.7,82.0,72.8,1.74,4.42,60.0,59.0,89.0,81.4,2.09,5.04,63.0,63.2,88.0,84.7,3.39,3.96,63.0,60.8,90.0,82.6,6.07,4.08,53.0,51.8,79.0,75.7,3.28,3.18,36.0,40.7,60.0,64.4,0.27,2.39,29.0,27.5,49.0,46.3,1.93,1.65,16.0,15.5,38.0,32.2,0.77,0.96,38.1,38.1,62.6,59.0,22.18,32.8,
IA0213,ANAMOSA-1-WNW,42.12,-91.3,6.0,8.7,26.0,27.5,1.15,1.14,10.0,14.5,30.0,33.7,0.28,1.14,26.0,24.8,50.0,45.0,1.07,2.26,35.0,36.7,63.0,60.9,1.32,3.49,46.0,47.3,80.0,72.5,0.67,4.02,55.0,56.6,89.0,81.1,0.65,4.55,60.0,60.9,91.0,84.9,1.0,4.22,64.0,59.0,89.0,82.9,4.06,4.19,51.0,50.0,79.0,75.2,2.2,3.41,33.0,39.3,58.0,63.8,1.81,2.57,29.0,27.4,48.0,46.6,2.23,2.2,16.0,15.5,36.0,32.6,1.2,1.4,36.0,36.8,61.6,58.9,17.64,34.58,
IA0241,ANKENY-3-S,41.68,-93.6,10.0,9.6,28.0,28.1,0.33,0.71,12.0,15.5,31.0,34.5,0.45,0.93,26.0,25.6,53.0,45.3,0.62,1.97,38.0,38.3,64.0,60.7,0.89,2.99,53.0,49.9,80.0,72.3,1.31,4.15,63.0,59.4,88.0,81.1,1.54,4.88,65.0,63.7,89.0,85.3,3.71,4.0,66.0,61.2,89.0,83.2,2.31,3.91,55.0,51.9,78.0,75.5,2.43,3.02,37.0,40.5,58.0,64.2,0.23,2.25,30.0,27.8,49.0,47.0,3.35,1.65,18.0,15.7,38.0,33.2,0.35,0.93,39.5,38.3,62.2,59.2,17.52,31.4,
IA0364,ATLANTIC-1-NE,41.42,-95.0,10.0,9.3,31.0,29.5,0.49,0.78,10.0,15.2,34.0,35.8,0.61,1.0,24.0,25.0,54.0,46.9,0.17,2.15,35.0,37.3,65.0,62.3,1.47,3.15,54.0,49.1,81.0,73.2,1.85,4.24,61.0,58.6,89.0,82.1,0.67,4.87,63.0,62.8,87.0,86.0,3.19,3.82,64.0,60.1,90.0,83.8,3.31,3.84,52.0,50.6,78.0,76.1,4.46,3.74,35.0,39.0,61.0,64.9,0.24,2.36,28.0,26.2,50.0,47.3,2.36,1.49,17.0,14.8,41.0,34.0,0.41,0.96,37.7,37.4,63.5,60.2,19.23,32.42,
IA0385,AUDUBON,41.72,-94.93,9.0,9.3,29.0,29.1,0.6,0.89,10.0,15.0,33.0,35.3,0.06,1.01,24.0,24.7,55.0,46.5,0.32,2.24,33.0,37.2,66.0,62.2,1.23,3.3,52.0,48.9,81.0,73.4,1.62,4.12,60.0,58.5,90.0,82.3,0.93,4.64,62.0,63.0,87.0,86.2,4.38,4.15,63.0,60.7,89.0,84.1,2.89,4.08,52.0,51.1,79.0,76.1,4.14,3.45,34.0,39.8,60.0,64.8,0.1,2.36,28.0,26.6,48.0,47.1,2.18,1.64,17.0,14.9,40.0,33.6,0.91,1.04,37.0,37.5,63.1,60.1,19.36,32.92,
IA0576,BEDFORD-1-NNW,40.68,-94.72,11.0,12.9,34.0,32.5,0.19,0.97,12.0,18.3,35.0,39.1,0.48,1.11,26.0,28.0,55.0,49.9,0.37,2.24,37.0,39.9,66.0,64.1,1.33,3.32,56.0,51.0,80.0,74.1,2.41,4.81,67.0,60.0,91.0,82.8,0.21,5.02,67.0,64.7,89.0,87.4,3.0,4.64,66.0,62.4,91.0,85.5,1.66,4.23,54.0,53.3,80.0,77.9,4.38,3.8,36.0,41.9,61.0,66.8,0.38,2.86,29.0,29.4,51.0,50.2,1.66,2.03,19.0,18.3,43.0,36.9,0.62,1.08,40.1,40.1,64.8,62.3,16.69,36.11,
IA0600,BELLE-PLAINE,41.88,-92.27,8.0,9.5,27.0,28.0,0.74,1.11,10.0,15.3,30.0,34.2,0.33,1.17,26.0,25.5,50.0,45.2,0.67,2.51,35.0,37.8,63.0,60.7,0.76,3.7,51.0,49.3,80.0,72.3,0.86,4.15,59.0,58.7,88.0,81.0,0.98,4.58,63.0,63.0,91.0,84.8,1.37,4.3,64.0,60.7,90.0,82.9,3.63,4.41,53.0,51.6,78.0,75.2,4.49,3.54,33.0,40.3,58.0,63.9,1.43,2.56,29.0,27.9,48.0,46.8,2.79,2.0,17.0,16.0,37.0,32.9,0.78,1.35,37.3,38.0,61.9,59.1,18.83,35.38,
IA0608,BELLEVUE-L-AND-D-12,42.27,-90.42,4.0,10.1,24.0,27.9,1.13,1.18,9.0,15.3,29.0,33.7,0.21,1.21,26.0,25.4,46.0,44.2,1.57,2.21,34.0,37.5,60.0,59.3,2.14,3.3,46.0,48.4,77.0,71.3,1.5,3.65,55.0,57.8,86.0,80.4,0.62,4.35,61.0,62.3,89.0,84.2,1.71,3.51,64.0,60.4,88.0,82.2,2.81,4.11,51.0,51.6,79.0,74.5,1.87,3.68,33.0,40.6,57.0,63.2,2.09,2.64,30.0,28.7,47.0,46.7,2.84,2.36,16.0,17.0,36.0,33.0,1.91,1.57,35.9,38.0,59.9,58.4,20.4,33.77,
IA0753,BLOOMFIELD,40.75,-92.43,15.0,13.4,34.0,32.2,1.01,1.2,14.0,18.9,35.0,38.4,0.51,1.24,30.0,28.2,56.0,49.2,0.9,2.39,40.0,40.6,68.0,63.5,0.75,3.55,53.0,51.1,81.0,73.8,2.51,4.42,62.0,60.3,89.0,82.6,3.24,4.54,66.0,64.6,92.0,87.1,2.9,4.39,68.0,62.2,92.0,85.2,4.31,4.36,56.0,53.6,81.0,77.4,2.63,3.95,38.0,42.8,62.0,66.5,0.41,2.88,33.0,30.5,53.0,50.4,2.53,2.08,22.0,19.3,43.0,36.9,0.72,1.39,41.3,40.5,65.4,62.0,22.42,36.39,
IA0923,BRITT,43.07,-93.8,-1.0,5.3,20.0,23.8,0.73,0.92,5.0,11.7,24.0,30.1,0.72,0.9,26.0,22.7,47.0,41.0,0.54,1.76,34.0,36.0,58.0,58.1,3.2,2.85,52.0,48.0,79.0,71.5,1.71,3.73,60.0,58.0,88.0,80.8,3.73,4.56,62.0,61.7,85.0,83.5,2.31,4.12,62.0,59.3,86.0,81.4,3.98,3.53,51.0,50.1,75.0,73.8,4.1,2.87,32.0,39.1,57.0,62.2,0.5,1.88,26.0,25.4,45.0,43.4,1.64,1.54,11.0,12.0,29.0,28.8,1.17,1.04,35.2,35.8,57.8,56.6,24.33,29.68,
IA1233,CARROLL-2-SSW,42.07,-94.85,6.0,8.2,26.0,27.3,0.78,0.8,9.0,14.1,30.0,33.7,0.41,0.92,24.0,23.7,52.0,44.6,0.41,2.17,34.0,36.1,62.0,61.1,2.02,3.16,52.0,48.1,80.0,72.9,1.48,4.21,61.0,57.6,88.0,81.9,3.14,4.92,63.0,62.0,87.0,85.8,9.9,4.04,63.0,59.6,87.0,83.7,4.51,3.64,52.0,49.9,77.0,75.6,6.61,3.15,34.0,38.8,59.0,63.8,0.12,2.21,27.0,25.6,47.0,45.8,2.51,1.49,17.0,14.0,38.0,32.2,1.04,0.9,37.0,36.5,61.1,59.1,32.93,31.59,
IA1257,CASCADE,42.3,-91.02,3.0,7.7,23.0,26.5,1.44,1.18,7.0,13.6,28.0,32.7,0.83,1.16,26.0,24.4,46.0,43.8,1.46,2.16,33.0,36.4,60.0,59.2,0.8,3.21,48.0,47.8,78.0,71.4,1.53,3.76,55.0,57.1,87.0,80.5,0.69,4.6,60.0,61.2,89.0,84.3,0.54,3.48,63.0,58.9,88.0,82.3,4.44,4.2,50.0,49.6,78.0,74.1,2.22,3.53,32.0,38.3,57.0,62.7,1.26,2.44,29.0,26.7,46.0,45.6,2.13,2.19,16.0,14.6,34.0,31.9,0.93,1.49,35.1,36.4,59.5,58.0,18.27,33.4,
IA1277,CASTANA-EXP-FARM,42.07,-95.82,7.0,9.9,29.0,28.8,0.55,0.63,11.0,16.1,33.0,35.4,0.27,0.77,26.0,25.2,55.0,45.9,0.02,2.02,36.0,37.8,65.0,61.7,1.93,3.03,53.0,49.4,81.0,72.6,1.95,4.25,62.0,58.8,90.0,81.4,0.66,4.71,63.0,63.5,87.0,85.1,4.12,3.9,64.0,61.6,89.0,83.2,3.08,3.69,51.0,52.3,80.0,75.4,5.07,3.12,37.0,41.1,62.0,64.5,0.04,2.23,29.0,27.3,49.0,46.5,1.69,1.34,19.0,15.5,39.0,33.3,0.95,0.77,38.2,38.3,63.3,59.5,20.33,30.44,
IA1319,CEDAR-RAPIDS-1,42.03,-91.58,8.0,11.0,27.0,28.2,0.94,1.14,11.0,16.7,31.0,34.7,0.53,1.12,27.0,26.5,51.0,45.8,0.96,2.21,37.0,38.8,65.0,61.6,0.83,3.53,51.0,50.0,80.0,72.9,1.35,4.54,60.0,59.4,89.0,81.5,2.7,4.85,65.0,63.7,92.0,85.2,0.52,4.42,66.0,61.6,90.0,83.1,6.0,4.28,54.0,52.8,79.0,75.4,2.89,3.82,36.0,42.1,60.0,64.2,2.26,2.62,30.0,29.3,49.0,47.1,2.7,2.15,18.0,17.3,37.0,33.1,1.06,1.46,38.6,39.2,62.5,59.5,22.74,36.13,
IA1354,CENTERVILLE,40.72,-92.87,13.0,13.6,32.0,31.7,0.27,1.0,13.0,19.1,33.0,38.1,0.81,1.01,29.0,28.5,53.0,48.7,0.49,2.37,39.0,40.7,66.0,63.1,1.42,3.46,53.0,51.4,79.0,73.3,1.76,4.14,62.0,60.7,87.0,82.0,1.66,4.34,66.0,65.4,91.0,86.7,1.62,4.43,67.0,63.1,91.0,84.7,3.67,3.95,57.0,54.4,79.0,76.7,2.41,3.69,38.0,43.5,60.0,65.7,0.31,2.74,32.0,30.8,52.0,49.8,2.87,1.85,19.0,19.3,42.0,36.3,0.31,1.2,40.8,40.9,63.8,61.4,17.6,34.19,
IA1394,CHARITON,41.0,-93.32,13.0,11.1,33.0,31.4,0.14,0.94,11.0,16.8,34.0,38.0,0.33,1.18,26.0,26.5,55.0,48.6,0.47,2.29,36.0,38.5,66.0,63.1,1.17,3.56,50.0,49.0,80.0,73.3,2.56,4.42,59.0,58.4,89.0,82.0,1.26,4.79,63.0,63.1,91.0,86.8,1.61,4.36,66.0,60.8,90.0,85.0,4.87,3.88,54.0,51.8,81.0,77.2,4.21,4.33,35.0,40.5,61.0,66.4,0.36,2.71,30.0,28.4,52.0,49.7,2.51,2.01,19.0,17.2,42.0,36.2,0.51,1.12,38.6,38.6,64.7,61.5,20.0,35.59,
IA1402,CHARLES-CITY,43.05,-92.67,-1.0,6.4,21.0,24.5,0.98,0.88,3.0,12.6,24.0,30.9,0.6,0.9,24.0,23.4,46.0,42.0,1.41,2.06,33.0,36.6,60.0,59.0,3.02,3.41,49.0,48.1,80.0,71.7,1.57,4.19,58.0,57.4,88.0,80.7,1.66,4.86,60.0,61.4,89.0,84.0,1.59,4.45,60.0,59.3,89.0,82.2,4.08,4.2,48.0,50.2,79.0,74.2,3.32,3.44,30.0,39.4,57.0,62.5,0.77,2.32,25.0,26.2,44.0,43.8,3.68,1.74,11.0,13.3,30.0,29.3,0.86,1.07,33.4,36.3,59.0,57.1,23.54,33.52,
IA1442,CHEROKEE,42.75,-95.53,0.0,4.9,22.0,26.1,0.9,0.57,4.0,11.1,27.0,32.5,0.39,0.72,24.0,22.3,50.0,42.9,0.39,1.68,31.0,35.1,60.0,59.6,2.54,2.62,52.0,46.8,79.0,72.0,2.34,3.88,60.0,56.8,88.0,81.0,3.92,4.61,62.0,61.4,86.0,85.1,2.08,3.82,61.0,58.9,88.0,83.1,6.65,3.62,48.0,48.5,76.0,74.8,5.09,3.05,30.0,36.6,59.0,63.4,0.48,1.84,24.0,23.8,46.0,45.1,2.33,1.34,12.0,11.3,32.0,31.1,0.64,0.75,34.0,34.8,59.6,58.1,27.75,28.5,
IA1533,CLARINDA,40.72,-95.03,11.0,11.9,34.0,31.8,0.35,0.87,11.0,17.5,37.0,38.3,0.52,1.13,26.0,27.0,57.0,49.1,0.37,2.28,36.0,39.1,64.0,63.5,1.66,3.23,54.0,50.5,80.0,74.1,1.34,4.68,62.0,59.9,90.0,83.0,0.71,4.91,64.0,64.5,88.0,87.2,3.98,4.9,65.0,62.0,91.0,85.2,2.49,4.21,53.0,52.5,79.0,77.3,3.27,3.94,35.0,41.2,61.0,66.1,0.44,2.49,30.0,28.4,51.0,49.3,1.64,1.95,19.0,17.3,40.0,36.3,0.49,1.03,38.9,39.4,64.3,61.8,17.26,35.61,
IA1541,CLARION,42.73,-93.75,-1.0,5.1,20.0,23.9,0.59,0.73,4.0,11.5,24.0,30.2,0.18,0.83,24.0,22.6,47.0,41.1,1.09,1.94,32.0,35.5,59.0,58.1,3.09,2.99,50.0,47.6,80.0,71.3,0.81,4.12,59.0,57.4,88.0,80.4,2.87,4.95,61.0,61.5,86.0,83.6,2.25,4.34,60.0,58.9,88.0,81.2,3.66,3.87,49.0,49.3,77.0,73.8,3.68,3.1,30.0,38.0,58.0,62.2,0.43,2.23,25.0,24.9,45.0,43.8,3.42,1.64,9.0,11.7,29.0,29.2,1.0,1.02,33.5,35.4,58.4,56.6,23.07,31.76,
IA1635,CLINTON-1,41.8,-90.27,10.0,12.1,28.0,28.9,1.44,1.5,12.0,17.6,31.0,35.0,0.84,1.38,29.0,27.6,50.0,46.5,1.6,2.45,38.0,39.6,65.0,61.9,1.41,3.36,51.0,50.6,79.0,73.2,2.0,3.94,60.0,59.9,87.0,81.8,0.89,4.37,65.0,64.1,90.0,85.1,0.71,3.74,67.0,62.0,89.0,83.1,3.35,4.45,54.0,53.3,80.0,75.8,0.8,3.34,36.0,42.3,58.0,64.5,2.39,2.74,32.0,30.2,49.0,47.9,2.86,2.27,19.0,18.5,37.0,34.0,1.17,1.91,39.6,39.9,61.9,59.9,19.46,35.45,
IA1731,COLUMBUS-JCT-2-SSW,41.25,-91.37,12.0,12.4,30.0,30.3,1.53,1.26,12.0,18.4,32.0,36.4,0.86,1.31,29.0,27.9,53.0,47.8,1.86,2.55,39.0,40.2,66.0,63.1,1.55,3.75,52.0,50.7,82.0,74.0,1.51,4.57,61.0,59.9,90.0,82.6,1.09,4.32,65.0,64.0,94.0,86.5,1.12,4.37,66.0,61.8,91.0,84.5,6.19,4.13,55.0,53.3,80.0,77.2,1.41,3.91,36.0,42.4,59.0,66.0,1.09,3.1,31.0,30.3,50.0,49.3,3.31,2.31,20.0,18.7,38.0,35.3,1.44,1.77,40.0,40.1,64.0,61.1,22.96,37.36,
IA1833,CORNING,41.0,-94.75,8.0,10.2,31.0,30.5,0.32,0.79,9.0,15.5,32.0,36.8,0.74,0.99,25.0,25.2,53.0,47.2,0.08,2.16,35.0,37.6,64.0,61.6,1.3,3.21,52.0,49.0,79.0,72.2,1.5,4.45,61.0,58.4,88.0,81.2,0.97,4.55,64.0,63.2,87.0,86.1,3.26,4.27,64.0,60.9,90.0,84.1,1.39,4.26,53.0,51.4,79.0,76.3,3.53,4.13,34.0,40.1,60.0,65.2,0.45,2.33,28.0,27.2,51.0,48.7,1.49,1.8,18.0,15.9,40.0,35.4,0.94,1.02,37.6,37.9,62.9,60.5,15.97,33.96,
IA1954,CRESCO-1-NE,43.38,-92.1,-2.0,4.0,18.0,22.0,0.81,0.93,1.0,9.9,21.0,28.2,0.53,0.84,23.0,21.1,42.0,39.3,1.7,2.13,32.0,34.6,57.0,56.0,2.28,3.28,47.0,46.2,77.0,68.9,1.17,3.96,56.0,55.9,86.0,77.9,0.71,4.67,60.0,59.9,87.0,81.8,2.77,4.45,62.0,57.8,85.0,79.7,6.4,4.68,48.0,48.4,75.0,71.2,5.27,3.78,30.0,37.4,55.0,59.5,0.62,2.35,25.0,24.4,43.0,41.9,3.51,1.99,8.0,11.1,27.0,27.4,0.83,1.15,32.5,34.3,56.2,54.6,26.6,34.19,
IA2110,DECORAH-2-N,43.32,-91.78,0.0,6.1,23.0,24.6,0.88,0.82,1.0,11.9,20.0,30.9,0.26,0.93,25.0,22.8,47.0,42.2,1.55,1.87,35.0,36.0,61.0,58.7,2.47,3.47,48.0,47.4,79.0,71.0,1.22,3.9,56.0,56.6,89.0,79.7,0.59,4.63,61.0,61.0,89.0,83.5,3.2,4.38,63.0,59.1,88.0,81.6,4.74,4.15,51.0,50.0,78.0,73.3,4.08,3.43,32.0,39.3,58.0,61.8,0.59,2.2,27.0,26.3,47.0,43.9,2.97,1.83,12.0,13.3,31.0,29.8,0.39,1.05,34.2,35.9,59.4,56.8,22.94,32.66,
IA2171,DENISON,42.03,-95.33,9.0,9.3,29.0,27.7,0.87,0.71,11.0,15.3,33.0,34.0,0.4,0.86,27.0,24.8,53.0,44.5,0.13,1.92,37.0,37.5,63.0,60.2,2.02,2.87,56.0,49.5,79.0,71.6,2.25,4.17,64.0,59.1,87.0,80.5,3.55,4.81,65.0,63.6,85.0,84.4,5.53,3.6,65.0,61.5,87.0,82.2,4.54,3.67,54.0,52.1,76.0,74.6,3.98,3.28,36.0,40.9,59.0,63.2,0.0,2.13,29.0,27.0,46.0,45.6,2.51,1.34,17.0,15.1,38.0,32.4,0.84,0.89,39.3,38.0,61.2,58.5,26.62,30.25,
IA2364,DUBUQUE-LOCK-AND-DAM,42.53,-90.65,8.0,10.7,25.0,27.3,1.12,1.11,11.0,15.9,29.0,33.0,0.48,1.03,29.0,26.5,49.0,43.6,1.74,2.03,40.0,39.7,63.0,59.0,2.01,3.3,54.0,51.4,80.0,71.3,1.15,3.73,63.0,60.9,88.0,80.2,0.61,4.24,68.0,65.4,91.0,84.0,2.16,3.85,68.0,63.6,90.0,82.0,2.7,3.97,57.0,54.9,79.0,73.9,3.05,3.57,40.0,44.1,58.0,62.5,1.52,2.41,33.0,30.9,48.0,45.9,2.45,2.05,20.0,17.9,35.0,32.3,1.17,1.38,41.0,40.2,61.2,58.0,20.16,32.69,
IA2689,EMMETSBURG,43.1,-94.68,2.0,6.2,22.0,24.6,0.74,0.77,7.0,12.5,26.0,30.9,0.54,0.9,25.0,23.1,49.0,41.6,0.51,2.07,35.0,36.2,62.0,59.0,3.3,2.93,53.0,48.2,81.0,72.0,3.05,3.81,62.0,57.9,89.0,81.0,1.72,4.67,63.0,62.2,87.0,84.2,1.6,4.04,63.0,59.7,88.0,81.9,3.63,3.97,53.0,50.2,78.0,74.1,3.07,2.78,35.0,38.8,59.0,62.5,0.42,2.06,26.0,25.2,45.0,43.5,3.22,1.49,13.0,12.6,31.0,29.4,0.64,0.92,36.5,36.1,59.8,57.1,22.44,30.4,
IA2724,ESTHERVILLE-2-N,43.42,-94.83,-3.0,4.1,21.0,23.1,0.0,0.65,2.0,10.3,22.0,29.2,0.0,0.74,23.0,21.0,46.0,39.6,0.58,1.57,32.0,34.4,58.0,56.7,4.41,2.94,50.0,46.7,79.0,70.4,1.47,3.74,59.0,56.8,87.0,79.5,1.42,4.71,60.0,60.9,85.0,83.1,2.14,3.6,61.0,58.4,86.0,80.8,3.03,3.59,51.0,48.5,77.0,72.8,3.96,2.95,33.0,37.0,58.0,61.2,0.2,1.86,25.0,24.0,45.0,42.7,1.18,1.34,12.0,10.8,31.0,28.0,0.15,0.7,33.9,34.5,58.1,55.7,18.54,28.38,
IA2789,FAIRFIELD,41.03,-91.95,13.0,13.1,32.0,30.8,0.8,1.26,13.0,18.9,33.0,37.0,1.11,1.26,29.0,28.2,53.0,48.1,1.18,2.41,38.0,40.6,66.0,63.2,0.84,3.48,53.0,51.4,80.0,74.1,2.15,4.36,61.0,60.7,90.0,83.2,0.89,3.94,65.0,65.1,92.0,87.3,1.65,4.65,67.0,62.8,92.0,85.0,4.65,4.08,56.0,54.2,80.0,77.1,2.23,3.71,37.0,43.3,60.0,65.6,0.74,2.84,32.0,30.9,51.0,49.2,2.3,2.16,19.0,19.3,40.0,35.6,1.02,1.62,40.4,40.8,64.3,61.4,19.56,35.77,
IA2864,FAYETTE,42.83,-91.8,2.0,5.7,22.0,24.5,0.95,1.03,6.0,11.4,25.0,30.8,0.62,1.07,25.0,22.2,47.0,42.1,1.29,2.16,34.0,34.8,61.0,58.4,2.33,3.46,48.0,46.4,79.0,70.6,1.38,4.3,57.0,55.9,88.0,79.3,2.02,4.67,61.0,60.2,89.0,83.0,2.55,4.42,63.0,58.1,90.0,81.1,2.5,4.31,51.0,48.8,78.0,73.0,3.91,3.42,33.0,37.8,57.0,61.6,1.05,2.5,28.0,25.2,45.0,43.7,2.59,2.04,13.0,12.6,31.0,29.6,0.83,1.29,35.0,35.0,59.4,56.5,22.02,34.66,
IA2977,FOREST-CITY,43.28,-93.63,-2.0,4.7,19.0,23.0,0.2,0.9,5.0,11.3,22.0,29.4,0.0,0.81,25.0,22.2,45.0,40.5,0.79,1.87,34.0,35.6,58.0,57.5,2.79,2.9,52.0,47.8,78.0,70.8,2.98,3.9,59.0,57.3,86.0,79.9,3.73,4.58,62.0,61.6,86.0,83.1,2.41,4.08,62.0,59.2,84.0,81.1,5.48,4.31,51.0,49.8,75.0,72.8,4.93,2.69,32.0,38.6,56.0,61.4,0.07,1.96,25.0,24.7,42.0,42.4,1.58,1.4,12.0,11.7,29.0,28.2,1.44,0.98,34.7,35.4,56.6,55.9,26.4,30.38,
IA2999,FORT-DODGE,42.5,-94.2,4.0,7.4,24.0,26.0,1.04,0.88,8.0,13.5,29.0,32.6,0.53,0.95,26.0,23.9,50.0,43.4,0.92,2.19,35.0,36.7,62.0,59.8,2.94,3.29,54.0,48.5,81.0,72.3,1.7,4.16,62.0,58.2,88.0,81.5,2.31,5.09,64.0,62.6,89.0,84.9,2.51,4.36,64.0,60.2,89.0,82.6,4.59,4.26,54.0,50.6,77.0,74.9,4.89,3.3,34.0,39.5,58.0,63.2,0.64,2.21,27.0,26.2,45.0,45.3,3.32,1.64,14.0,13.8,34.0,31.1,1.45,1.04,37.3,36.8,60.7,58.2,26.84,33.38,
IA3007,FORT-MADISON,40.61,-91.33,15.0,14.5,33.0,32.5,1.3,1.29,16.0,20.0,33.0,37.9,0.99,1.45,31.0,29.7,51.0,48.6,1.41,2.52,42.0,41.8,64.0,63.1,1.37,3.36,57.0,52.5,79.0,73.3,1.69,4.11,65.0,61.9,87.0,82.1,1.45,4.13,70.0,66.6,91.0,86.6,0.34,4.17,70.0,64.3,90.0,84.6,5.65,3.53,59.0,55.6,79.0,77.5,2.18,3.92,40.0,44.2,60.0,66.2,0.96,2.91,34.0,32.2,51.0,50.6,2.4,2.32,23.0,20.7,41.0,37.2,1.05,1.85,43.4,42.1,63.3,61.7,20.79,35.57,
IA3290,GLENWOOD,41.0,-95.77,9.0,11.6,32.0,32.0,0.31,0.7,10.0,17.4,36.0,38.8,0.13,0.89,26.0,27.3,56.0,49.6,0.07,2.0,36.0,39.3,65.0,64.3,1.74,3.16,54.0,50.7,82.0,74.9,3.96,4.72,64.0,60.3,90.0,83.8,2.76,4.77,64.0,64.8,85.0,87.8,2.07,4.12,64.0,62.6,90.0,85.8,0.8,4.05,51.0,52.9,81.0,78.2,3.34,3.46,33.0,41.1,63.0,67.4,0.51,2.08,29.0,28.4,52.0,49.9,1.73,1.48,18.0,17.3,41.0,36.6,0.55,0.95,38.2,39.5,64.5,62.5,17.97,32.37,
IA3438,GREENFIELD,41.3,-94.47,11.0,11.5,32.0,30.3,0.5,0.89,12.0,17.2,34.0,36.8,0.57,1.12,27.0,26.5,56.0,47.7,0.19,2.23,38.0,39.0,66.0,63.0,1.41,3.42,54.0,50.3,80.0,73.6,1.71,4.14,62.0,59.8,90.0,82.3,0.52,4.42,65.0,64.5,89.0,86.4,2.53,4.29,66.0,62.3,91.0,84.6,3.57,3.69,55.0,53.4,79.0,77.0,5.3,3.9,36.0,42.3,61.0,65.9,0.44,2.28,30.0,28.9,50.0,48.4,2.09,1.8,19.0,17.2,42.0,35.0,0.8,1.04,39.6,39.5,64.2,61.0,19.63,33.21,
IA3473,GRINNELL-3-SW,41.72,-92.73,7.0,8.1,26.0,27.4,0.52,1.15,3.0,13.6,25.0,33.5,0.69,1.21,24.0,23.5,51.0,44.5,0.58,2.41,32.0,35.8,63.0,59.8,0.84,3.47,51.0,47.0,80.0,71.1,1.41,4.23,58.0,56.9,87.0,80.3,0.59,4.62,60.0,61.7,89.0,84.6,2.08,4.13,62.0,58.9,89.0,82.6,3.85,4.2,50.0,49.7,77.0,74.8,2.28,3.65,30.0,38.1,58.0,63.6,1.51,2.45,27.0,26.2,48.0,46.9,2.27,2.12,15.0,14.6,37.0,32.8,0.55,1.37,35.0,36.2,61.0,58.6,17.17,35.01,
IA3487,GRUNDY-CENTER,42.37,-92.78,4.0,6.6,23.0,25.0,0.57,0.85,7.0,12.6,27.0,31.2,0.29,0.96,25.0,23.1,48.0,42.3,0.73,2.2,33.0,35.7,60.0,58.4,1.91,3.21,49.0,47.5,78.0,70.7,1.04,4.26,58.0,57.5,86.0,79.6,1.88,4.86,61.0,61.5,87.0,83.2,2.19,4.43,61.0,58.9,88.0,81.1,2.77,3.92,50.0,49.4,77.0,73.7,2.92,3.05,31.0,38.3,58.0,62.4,0.83,2.41,26.0,25.4,46.0,44.9,3.21,1.8,14.0,13.1,34.0,30.3,0.61,1.08,34.9,35.9,59.4,57.0,18.95,33.03,
IA3509,GUTHRIE-CENTER,41.68,-94.5,5.0,9.0,28.0,28.9,0.43,0.74,8.0,14.6,31.0,35.3,0.0,0.99,23.0,24.7,53.0,46.0,0.15,2.24,33.0,37.2,63.0,61.4,0.67,3.01,49.0,48.6,81.0,72.8,1.11,4.18,58.0,58.3,89.0,81.8,1.36,4.68,62.0,62.9,88.0,86.4,4.45,3.78,62.0,60.4,90.0,84.2,3.13,4.06,50.0,50.4,78.0,76.3,4.54,3.15,31.0,38.9,60.0,64.6,0.19,2.22,27.0,26.7,50.0,47.3,4.19,1.65,15.0,14.9,39.0,33.8,0.12,1.02,35.5,37.3,62.6,60.0,20.34,31.73,
IA3517,GUTTENBERG-L-AND-D-10,42.78,-91.1,6.0,9.1,24.0,27.1,0.62,0.97,10.0,14.6,27.0,33.0,0.39,1.04,28.0,25.6,48.0,43.7,1.21,1.88,39.0,39.0,61.0,59.1,1.76,3.25,53.0,50.6,78.0,71.4,1.05,3.89,62.0,59.9,87.0,80.3,0.45,4.3,66.0,64.3,90.0,84.1,1.03,4.28,67.0,62.3,88.0,82.1,4.31,3.92,56.0,53.4,78.0,73.8,4.24,2.98,37.0,42.3,56.0,62.4,1.2,2.22,31.0,29.2,47.0,45.5,1.99,1.88,18.0,16.4,34.0,31.9,0.84,1.28,39.5,39.0,60.0,58.0,19.09,31.9,
IA3584,HAMPTON-2-NW,42.75,-93.2,1.0,6.2,21.0,24.0,0.78,0.84,5.0,12.6,24.0,30.4,0.28,0.89,25.0,23.0,47.0,41.2,0.78,2.02,34.0,35.9,59.0,57.9,2.16,3.05,50.0,48.0,79.0,70.9,1.45,4.33,60.0,57.7,88.0,80.0,5.18,4.98,63.0,61.8,87.0,83.2,4.5,4.88,62.0,59.2,88.0,81.3,4.18,3.96,51.0,49.8,77.0,73.8,3.7,3.17,33.0,39.0,57.0,62.2,0.56,2.31,25.0,25.7,45.0,43.9,3.36,1.61,13.0,12.9,30.0,29.2,1.06,1.08,35.2,36.0,58.5,56.6,27.99,33.12,
IA3632,HARLAN,41.65,-95.32,9.0,9.9,31.0,29.5,0.54,0.75,10.0,15.9,34.0,35.9,0.37,0.94,25.0,25.6,55.0,47.0,0.11,2.1,35.0,37.9,66.0,62.6,1.68,3.23,54.0,49.6,81.0,73.5,1.0,4.3,62.0,59.2,90.0,82.3,1.15,4.51,64.0,63.7,86.0,86.0,3.16,3.84,64.0,61.6,89.0,83.7,2.66,4.0,54.0,52.2,78.0,75.8,5.0,4.04,36.0,40.5,61.0,64.5,0.09,2.29,30.0,27.3,49.0,47.3,2.32,1.54,18.0,15.7,39.0,33.9,1.12,0.93,38.6,38.3,63.3,60.2,19.2,32.48,
IA3718,HAWARDEN,43.0,-96.48,1.0,6.3,24.0,26.9,1.22,0.51,7.0,12.7,29.0,33.4,0.56,0.71,26.0,23.2,51.0,44.2,0.2,1.65,34.0,36.0,64.0,60.9,3.38,2.68,53.0,48.1,80.0,72.8,2.06,3.5,62.0,58.4,90.0,81.8,1.2,4.05,63.0,63.0,90.0,85.8,0.96,3.56,62.0,60.7,89.0,83.8,6.63,3.33,52.0,50.2,77.0,75.3,4.42,2.75,33.0,38.1,60.0,63.7,0.31,1.9,27.0,24.2,46.0,45.0,1.93,1.25,14.0,12.0,36.0,31.4,0.4,0.7,36.3,36.1,61.4,58.8,23.27,26.59,
IA4038,IDA-GROVE,42.35,-95.48,5.0,7.4,28.0,27.3,1.03,0.74,9.0,13.4,33.0,33.8,0.0,0.79,24.0,23.5,55.0,44.6,0.17,1.77,35.0,35.8,64.0,60.8,0.0,2.8,53.0,47.9,80.0,72.5,0.0,4.12,62.0,57.9,88.0,81.8,0.0,4.84,64.0,62.4,86.0,85.5,0.0,3.66,63.0,60.0,87.0,83.4,4.3,4.03,52.0,50.3,76.0,75.4,5.91,2.89,34.0,38.6,60.0,63.9,0.14,2.15,26.0,25.0,47.0,45.7,1.19,1.2,14.0,13.2,33.0,31.9,0.94,0.82,36.8,36.3,61.5,58.9,13.68,29.82,
IA4063,INDIANOLA-2-SSW,41.37,-93.55,10.0,11.3,31.0,30.8,0.0,0.98,14.0,17.1,34.0,37.3,0.0,1.13,28.0,26.8,54.0,48.0,0.0,2.12,37.0,39.3,67.0,63.0,0.0,3.54,53.0,50.1,79.0,73.5,0.97,4.46,61.0,59.3,87.0,82.3,2.92,4.63,63.0,63.8,89.0,86.6,2.36,3.86,65.0,61.2,91.0,84.9,2.74,3.61,54.0,52.2,79.0,77.1,3.02,3.45,36.0,41.2,60.0,66.1,0.22,2.43,30.0,28.6,50.0,49.1,2.97,1.8,18.0,17.2,41.0,35.6,0.69,1.18,39.2,39.1,63.6,61.3,15.89,33.18,
IA4101,IOWA-CITY,41.65,-91.53,11.0,12.4,30.0,30.0,1.19,1.07,12.0,18.1,32.0,36.3,0.57,1.09,29.0,27.8,53.0,47.6,1.29,2.24,39.0,40.1,67.0,63.2,2.58,3.66,52.0,51.0,81.0,74.4,1.49,4.24,61.0,60.5,90.0,83.2,1.31,4.55,67.0,65.0,94.0,87.0,0.9,4.62,67.0,62.8,91.0,85.0,6.6,4.09,56.0,54.0,81.0,77.6,1.04,3.5,38.0,42.8,61.0,66.3,1.98,2.76,32.0,30.4,50.0,49.0,2.64,2.17,19.0,18.7,39.0,35.0,0.88,1.43,40.3,40.4,64.2,61.3,22.47,35.42,
IA4142,IOWA-FALLS,42.53,-93.27,4.0,7.1,23.0,25.8,0.99,0.91,8.0,13.4,27.0,32.2,0.76,0.89,26.0,23.8,50.0,43.1,0.99,2.02,35.0,36.6,63.0,59.6,2.16,3.11,52.0,48.4,82.0,72.1,0.93,4.04,59.0,57.7,88.0,81.1,0.0,4.85,63.0,61.8,91.0,84.5,3.54,4.09,64.0,59.2,91.0,82.3,3.66,3.99,52.0,50.0,79.0,74.7,2.88,3.23,34.0,39.1,59.0,63.2,0.49,2.28,28.0,26.0,47.0,45.1,2.89,1.75,14.0,13.6,34.0,30.7,0.61,1.09,36.7,36.4,61.2,57.9,19.9,32.25,
IA4228,JEFFERSON,42.02,-94.38,8.0,9.9,29.0,28.8,0.64,0.89,11.0,15.8,34.0,35.3,0.34,1.0,25.0,25.7,57.0,46.4,0.43,2.09,34.0,38.1,68.0,62.7,1.83,3.14,52.0,49.8,84.0,74.0,1.02,4.06,60.0,59.4,92.0,82.5,1.33,4.72,64.0,63.9,92.0,86.5,3.38,3.83,63.0,61.5,93.0,84.2,4.07,3.93,52.0,52.1,81.0,76.9,4.26,2.94,35.0,40.8,62.0,65.5,0.16,2.16,28.0,27.7,50.0,47.4,2.86,1.54,17.0,15.8,41.0,33.6,0.59,1.01,37.4,38.4,65.2,60.4,20.91,31.3,
IA4389,KEOSAUQUA,40.72,-91.97,14.0,14.0,35.0,33.1,1.5,1.43,14.0,19.6,37.0,39.5,0.89,1.41,29.0,28.8,55.0,50.5,2.2,2.59,39.0,40.9,68.0,65.1,1.61,3.58,52.0,50.9,83.0,75.3,2.15,4.41,61.0,60.1,90.0,83.8,4.36,4.31,65.0,64.8,95.0,88.1,1.77,4.65,67.0,62.6,95.0,86.4,5.33,3.88,56.0,53.8,83.0,78.7,1.36,4.04,36.0,42.9,63.0,67.5,0.93,3.01,32.0,31.2,54.0,51.2,2.45,2.32,21.0,20.0,42.0,37.6,1.19,1.78,40.5,40.8,66.7,63.1,25.74,37.42,
IA4502,KNOXVILLE,41.32,-93.13,12.0,12.2,31.0,30.5,0.0,0.94,12.0,18.2,31.0,36.9,0.0,1.19,28.0,27.7,52.0,47.8,0.37,2.16,39.0,40.4,64.0,62.8,0.5,3.76,55.0,51.6,79.0,73.6,2.75,4.14,64.0,60.7,87.0,82.4,1.78,4.45,66.0,65.4,91.0,86.8,2.85,4.1,67.0,62.9,88.0,84.7,6.43,4.04,55.0,54.1,77.0,76.8,2.56,3.58,37.0,43.1,58.0,65.5,0.83,2.48,31.0,30.2,50.0,49.0,2.02,1.98,18.0,18.3,40.0,35.4,0.92,1.15,40.3,40.4,62.5,61.1,21.01,33.96,
IA4735,LEMARS,42.8,-96.17,5.0,6.7,25.0,26.8,0.65,0.59,10.0,13.0,29.0,33.6,0.2,0.68,27.0,23.4,52.0,44.6,0.73,1.76,36.0,35.8,64.0,61.6,2.82,2.65,55.0,48.3,81.0,73.7,1.92,3.48,64.0,58.3,90.0,82.8,2.39,3.98,65.0,62.6,88.0,86.6,0.96,3.17,64.0,60.4,89.0,84.3,8.36,3.49,54.0,50.3,78.0,76.3,4.04,2.71,35.0,38.4,59.0,64.5,0.24,1.81,25.0,24.7,46.0,45.3,1.72,1.17,13.0,12.6,33.0,31.6,0.3,0.74,37.8,36.3,61.2,59.4,24.33,26.25,
IA4894,LOGAN,41.63,-95.8,7.0,10.0,29.0,30.2,0.54,0.81,10.0,16.1,32.0,36.8,0.0,0.87,26.0,26.1,54.0,47.7,0.0,2.02,35.0,38.4,66.0,63.3,0.0,3.03,54.0,50.2,81.0,74.2,1.66,4.48,63.0,59.7,90.0,83.2,0.93,4.7,64.0,64.3,85.0,87.1,3.37,3.88,64.0,62.0,89.0,84.9,1.8,3.86,52.0,52.3,79.0,77.0,3.75,3.34,32.0,40.5,63.0,66.0,0.06,2.16,27.0,27.2,50.0,48.2,3.05,1.45,18.0,15.6,39.0,34.7,1.14,0.95,37.7,38.6,63.0,61.2,16.3,31.54,
IA5086,MANCHESTER-2,42.47,-91.45,2.0,6.2,21.0,25.1,0.98,0.97,7.0,12.1,26.0,31.2,0.27,1.01,25.0,23.1,45.0,42.2,0.93,2.04,32.0,35.4,59.0,58.2,1.54,3.46,47.0,46.9,77.0,70.3,1.51,4.25,56.0,56.3,87.0,79.4,1.38,4.76,61.0,60.4,88.0,83.2,2.61,4.33,62.0,58.1,87.0,81.3,4.78,4.52,49.0,48.9,77.0,73.4,3.62,3.58,31.0,37.9,57.0,62.1,1.71,2.49,27.0,25.8,45.0,44.8,2.97,2.04,14.0,13.3,33.0,30.9,0.66,1.32,34.5,35.4,58.6,56.9,22.96,34.77,
IA5131,MAQUOKETA-2-W,42.07,-90.7,7.0,9.6,26.0,27.5,1.2,1.27,10.0,15.1,29.0,33.6,0.34,1.28,27.0,25.1,47.0,44.7,1.52,2.27,35.0,37.4,62.0,60.3,2.17,3.26,47.0,48.3,79.0,71.9,1.57,3.86,54.0,57.7,87.0,80.7,1.13,4.43,60.0,61.8,91.0,84.4,1.46,3.57,63.0,59.7,89.0,82.4,2.57,4.29,50.0,50.7,79.0,74.8,1.14,3.7,34.0,39.5,57.0,63.5,1.65,2.51,28.0,27.7,47.0,46.6,0.93,2.23,14.0,16.1,36.0,32.8,1.3,1.63,35.7,37.5,60.7,58.7,16.98,34.3,
IA5198,MARSHALLTOWN,42.07,-92.93,5.0,7.8,24.0,27.2,0.17,0.95,7.0,13.9,28.0,33.4,0.23,1.08,25.0,24.7,49.0,44.4,1.05,2.41,34.0,37.5,62.0,60.0,1.18,3.33,52.0,48.9,79.0,71.8,1.37,4.36,59.0,58.6,87.0,80.9,1.13,5.06,62.0,62.6,89.0,84.8,1.25,4.45,64.0,59.7,89.0,82.6,3.65,4.35,52.0,50.2,77.0,74.8,3.01,3.33,31.0,39.1,58.0,63.4,0.44,2.4,27.0,26.6,47.0,46.4,3.11,1.8,15.0,14.5,35.0,32.3,0.65,1.14,36.2,37.1,60.4,58.6,17.24,34.66,
IA5230,MASON-CITY,43.15,-93.2,0.0,4.8,22.0,23.5,1.13,0.78,6.0,11.2,24.0,29.7,0.59,0.77,25.0,22.0,47.0,40.6,0.71,1.86,34.0,35.3,60.0,57.4,3.66,3.09,51.0,47.1,80.0,70.6,1.24,4.21,60.0,56.8,89.0,79.9,3.3,4.93,63.0,61.2,87.0,83.3,1.34,4.45,64.0,58.7,88.0,81.1,4.36,4.4,52.0,49.3,78.0,73.1,4.87,3.28,33.0,38.5,58.0,61.6,0.44,2.27,24.0,24.8,45.0,43.1,3.03,1.56,11.0,11.9,29.0,28.6,0.83,0.94,35.2,35.2,58.9,56.1,25.5,32.54,
IA5493,MILFORD-4-NW,43.38,-95.18,-1.0,4.1,20.0,23.0,0.86,0.58,3.0,10.8,23.0,29.7,0.3,0.77,25.0,21.5,47.0,40.3,0.31,1.71,34.0,34.9,61.0,57.7,4.41,2.84,53.0,47.1,79.0,70.9,2.39,3.75,61.0,56.8,87.0,80.0,1.77,4.57,64.0,61.2,87.0,83.7,1.72,3.76,62.0,59.2,85.0,81.4,6.24,3.5,53.0,49.5,75.0,72.8,3.2,2.96,34.0,38.2,57.0,61.2,0.0,1.92,25.0,23.8,43.0,42.2,2.49,1.46,11.0,10.8,29.0,27.9,0.05,0.74,35.5,34.9,57.7,56.0,23.74,28.54,
IA5769,MOUNT-AYR,40.7,-94.25,12.0,12.2,35.0,31.3,0.26,0.76,12.0,17.4,35.0,37.8,0.63,1.02,27.0,26.9,56.0,48.4,0.33,2.11,37.0,39.1,66.0,62.4,1.19,3.16,53.0,50.5,80.0,72.2,1.52,4.26,62.0,59.8,89.0,80.8,0.05,4.42,64.0,64.5,90.0,85.8,2.31,4.3,65.0,62.1,90.0,84.1,4.64,3.94,54.0,53.0,79.0,76.4,3.11,3.76,36.0,41.6,62.0,65.5,0.28,2.65,31.0,29.0,53.0,49.3,1.86,1.92,19.0,17.8,43.0,36.0,0.53,0.95,39.4,39.6,64.8,60.9,16.71,33.23,
IA5796,MOUNT-PLEASANT,40.95,-91.55,11.0,13.1,29.0,30.9,1.8,1.39,11.0,18.8,31.0,37.0,1.0,1.29,27.0,28.2,49.0,48.2,2.09,2.46,37.0,40.5,62.0,62.9,2.73,3.41,50.0,51.0,77.0,73.4,1.6,4.1,59.0,60.2,86.0,82.2,0.68,4.14,63.0,64.4,90.0,86.3,1.3,4.47,65.0,62.2,89.0,84.3,3.35,4.01,53.0,53.7,78.0,77.0,2.85,4.14,35.0,43.0,57.0,65.9,0.9,2.79,30.0,30.8,49.0,49.6,2.8,2.25,18.0,19.1,39.0,35.8,0.8,1.68,38.3,40.5,61.5,61.2,21.9,36.15,
IA5837,MUSCATINE,41.4,-91.07,12.0,13.0,31.0,30.3,1.7,1.34,12.0,18.7,33.0,36.6,0.9,1.34,28.0,28.3,52.0,47.7,1.51,2.6,39.0,40.5,66.0,62.8,0.89,3.53,53.0,51.5,82.0,73.9,1.83,4.14,61.0,61.0,90.0,82.7,1.2,4.56,67.0,65.4,93.0,86.3,1.08,4.25,63.0,63.2,92.0,84.3,5.75,3.88,50.0,54.5,81.0,77.0,1.5,3.53,32.0,43.4,61.0,65.7,1.38,2.8,27.0,31.1,51.0,49.0,2.83,2.26,16.0,19.3,40.0,35.3,1.27,1.83,38.3,40.9,64.4,61.0,21.84,36.05,
IA5952,NEW-HAMPTON,43.05,-92.32,2.0,6.3,20.0,24.0,1.11,0.96,6.0,12.5,23.0,30.1,0.67,0.9,26.0,23.0,46.0,41.1,1.59,1.99,36.0,36.1,59.0,57.8,2.41,3.33,51.0,47.9,79.0,70.2,1.07,4.21,60.0,57.2,89.0,79.0,1.31,4.66,63.0,61.5,88.0,82.3,2.84,4.51,64.0,59.4,88.0,80.5,3.56,4.3,52.0,50.4,77.0,72.6,3.35,3.29,34.0,39.5,56.0,61.4,0.87,2.44,28.0,25.9,44.0,43.3,3.28,1.91,13.0,12.9,30.0,29.0,0.85,1.17,36.3,36.1,58.5,56.0,22.91,33.68,
IA5992,NEWTON,41.7,-93.05,10.0,10.9,28.0,28.7,0.14,0.92,12.0,16.9,31.0,35.4,0.43,1.03,28.0,26.6,52.0,46.4,0.68,2.18,39.0,39.4,65.0,62.1,1.14,3.19,55.0,50.7,81.0,73.6,2.12,4.31,63.0,60.2,89.0,82.3,0.81,4.51,67.0,64.6,92.0,86.2,0.91,3.8,68.0,62.4,90.0,84.1,4.03,3.94,56.0,53.4,78.0,76.4,4.77,3.56,38.0,42.2,60.0,64.8,0.78,2.54,30.0,29.1,48.0,47.7,2.65,1.89,18.0,17.1,40.0,33.7,0.2,1.05,40.3,39.5,62.9,60.2,18.66,32.91,
IA6103,NORTHWOOD,43.45,-93.22,0.0,4.3,19.0,22.6,1.32,0.92,5.0,10.6,23.0,29.0,0.08,0.73,25.0,21.7,45.0,39.9,0.9,2.0,34.0,35.2,60.0,57.2,3.45,3.18,51.0,47.4,80.0,70.6,1.04,4.12,60.0,57.4,89.0,79.8,1.3,4.67,63.0,61.3,88.0,83.2,2.24,4.27,63.0,58.9,87.0,81.1,3.79,4.18,51.0,49.2,78.0,72.8,5.66,3.27,33.0,38.3,56.0,61.0,0.33,2.07,26.0,24.5,42.0,42.1,3.01,1.63,11.0,11.5,28.0,27.7,1.31,1.04,35.1,35.1,58.1,55.6,24.43,32.07,
IA6151,OAKLAND-2-E,41.32,-95.38,11.0,9.7,32.0,30.4,0.28,0.73,12.0,15.9,35.0,36.7,0.15,0.97,26.0,25.5,54.0,47.7,0.02,2.02,37.0,37.5,65.0,62.9,1.62,3.15,54.0,49.4,80.0,73.6,2.38,4.23,63.0,59.0,89.0,82.4,2.47,4.94,65.0,63.4,86.0,86.0,5.04,4.03,65.0,61.1,89.0,83.8,1.54,4.05,54.0,51.6,79.0,76.6,4.13,3.62,36.0,39.9,61.0,65.7,0.44,2.24,28.0,26.8,49.0,48.2,1.64,1.48,18.0,15.5,39.0,35.0,0.87,0.88,39.2,38.0,63.1,60.8,20.58,32.35,
IA6200,OELWEIN-2-S,42.65,-91.92,2.0,6.7,21.0,24.8,1.1,0.99,6.0,12.9,25.0,30.8,0.41,1.07,24.0,23.6,45.0,42.0,1.13,1.94,35.0,36.2,60.0,58.4,2.41,3.28,51.0,47.9,78.0,70.5,1.11,4.16,58.0,57.3,86.0,79.4,1.9,4.42,63.0,61.3,88.0,82.8,2.5,4.16,63.0,59.2,87.0,80.8,3.53,4.47,52.0,50.3,76.0,73.1,3.75,3.36,33.0,39.4,55.0,61.7,1.09,2.39,28.0,26.1,44.0,44.2,2.46,1.84,14.0,13.6,32.0,29.9,1.64,1.36,35.8,36.3,58.2,56.6,23.03,33.43,
IA6243,ONAWA,42.02,-96.1,7.0,9.6,29.0,30.0,0.49,0.68,11.0,16.1,35.0,36.9,0.4,0.88,26.0,25.7,55.0,47.7,0.04,2.04,36.0,38.4,66.0,63.7,2.2,3.06,54.0,50.1,81.0,74.7,2.65,4.29,63.0,59.7,90.0,83.5,1.1,4.5,64.0,64.2,88.0,87.2,4.63,3.73,64.0,62.1,90.0,84.9,2.06,3.42,53.0,52.3,80.0,77.1,5.67,2.87,36.0,40.7,62.0,66.0,0.1,2.19,29.0,27.0,48.0,47.9,2.0,1.39,18.0,15.3,39.0,34.3,0.65,0.82,38.5,38.5,63.7,61.2,21.99,29.88,
IA6305,OSAGE,43.28,-92.8,2.0,5.8,21.0,23.5,1.11,0.96,6.0,12.1,24.0,29.7,0.68,0.86,26.0,23.1,46.0,40.6,1.18,2.1,36.0,36.3,60.0,57.5,3.24,3.26,52.0,48.2,80.0,70.2,2.37,4.03,61.0,57.7,88.0,79.2,2.2,4.67,64.0,62.0,88.0,82.5,0.81,4.52,64.0,59.8,88.0,80.5,3.83,4.46,53.0,50.4,78.0,72.4,4.09,3.49,35.0,39.6,58.0,61.0,0.49,2.32,28.0,25.9,45.0,43.0,2.83,1.65,14.0,12.7,31.0,28.5,0.97,1.15,36.7,36.2,58.9,55.8,23.8,33.49,
IA6316,OSCEOLA-3-WSW,41.02,-93.75,11.0,11.8,31.0,30.6,0.31,0.9,9.0,17.1,32.0,37.0,0.0,1.13,27.0,26.8,53.0,47.9,0.43,2.25,38.0,39.2,65.0,62.5,1.06,3.49,53.0,50.2,79.0,73.0,2.57,4.68,62.0,59.5,89.0,81.7,0.7,4.58,64.0,64.0,90.0,86.3,2.34,4.5,64.0,61.7,90.0,84.3,5.23,3.94,53.0,52.6,79.0,76.5,2.15,4.08,34.0,41.5,60.0,65.2,0.39,2.49,27.0,28.6,51.0,48.6,1.6,2.06,17.0,17.2,39.0,35.3,0.73,1.18,38.4,39.2,63.2,60.8,17.51,35.26,
IA6327,OSKALOOSA,41.32,-92.65,11.0,11.8,30.0,30.3,0.45,1.09,10.0,17.6,31.0,36.5,0.35,1.22,26.0,27.1,51.0,47.5,1.0,2.32,37.0,39.5,64.0,62.3,0.66,3.56,52.0,50.6,79.0,73.3,2.06,4.3,61.0,60.1,87.0,82.1,0.81,4.63,65.0,64.4,91.0,86.3,0.88,4.12,66.0,61.8,89.0,84.3,3.26,3.92,54.0,52.9,78.0,76.7,2.83,3.85,36.0,42.0,59.0,65.4,0.83,2.71,29.0,29.4,49.0,48.8,3.25,2.38,16.0,18.0,39.0,35.1,1.11,1.35,38.7,39.7,62.3,60.8,17.49,35.45,
IA6566,PERRY,41.83,-94.12,6.0,8.4,24.0,27.7,0.34,0.8,7.0,14.3,29.0,33.9,0.35,0.88,24.0,24.8,51.0,44.8,0.26,1.94,33.0,37.3,62.0,60.4,1.17,3.11,52.0,49.0,81.0,72.2,1.42,4.22,59.0,58.8,88.0,81.0,2.51,4.71,61.0,63.0,89.0,85.1,1.71,3.85,62.0,60.2,91.0,82.9,3.46,4.16,51.0,50.6,77.0,75.6,4.14,3.12,31.0,39.1,58.0,64.3,0.16,2.18,26.0,26.5,48.0,46.8,2.03,1.59,15.0,14.9,36.0,32.8,0.42,0.97,35.8,37.3,61.3,59.0,17.97,31.55,
IA6719,POCAHONTAS,42.7,-94.67,2.0,5.8,21.0,25.0,0.87,0.7,6.0,12.0,25.0,31.3,0.49,0.78,24.0,22.8,49.0,42.0,0.59,1.95,33.0,35.7,59.0,59.2,2.42,2.94,52.0,47.7,81.0,72.2,2.31,3.74,61.0,57.7,88.0,81.4,1.78,4.49,61.0,61.6,86.0,84.8,1.74,3.93,61.0,59.1,87.0,82.4,7.65,4.12,50.0,49.3,77.0,74.7,4.19,2.98,32.0,37.9,58.0,62.9,0.35,2.01,25.0,24.7,45.0,44.4,2.72,1.51,11.0,12.2,31.0,30.0,0.96,0.92,35.0,35.6,59.0,57.6,26.07,30.07,
IA6800,PRIMGHAR,43.08,-95.63,2.0,6.2,24.0,24.9,0.91,0.62,7.0,12.8,27.0,31.9,0.57,0.72,25.0,22.9,52.0,42.7,0.31,1.7,35.0,36.1,64.0,59.9,2.77,2.73,54.0,48.4,82.0,72.6,1.64,3.64,63.0,58.0,90.0,81.6,5.14,4.61,63.0,62.4,87.0,85.2,4.99,3.95,62.0,60.4,89.0,83.0,6.17,4.02,52.0,50.7,79.0,75.1,4.18,2.8,35.0,39.3,61.0,63.5,0.22,1.88,26.0,25.0,46.0,43.9,2.35,1.25,12.0,12.2,32.0,29.6,0.13,0.76,36.5,36.3,61.1,57.9,29.38,28.68,
IA6940,RED-OAK,41.0,-95.23,10.0,11.9,34.0,31.6,0.32,0.84,12.0,17.5,37.0,38.3,0.45,1.15,27.0,27.3,57.0,49.4,0.25,2.19,37.0,39.4,68.0,64.5,1.8,3.48,54.0,50.7,83.0,75.4,2.82,4.54,62.0,59.9,93.0,84.3,1.62,5.14,64.0,64.6,91.0,88.4,2.2,4.23,64.0,62.2,94.0,86.3,1.55,4.22,54.0,52.8,83.0,78.3,4.56,3.99,36.0,41.2,63.0,66.6,0.21,2.36,31.0,28.4,52.0,49.2,4.02,1.8,19.0,17.2,43.0,36.0,0.81,1.06,39.3,39.5,66.6,62.4,20.61,35.0,
IA7147,ROCK-RAPIDS,43.43,-96.17,-4.0,3.4,21.0,24.6,0.58,0.52,2.0,10.0,24.0,30.9,0.2,0.72,24.0,21.2,48.0,41.7,0.6,1.65,31.0,34.4,58.0,58.8,3.23,2.66,51.0,46.7,79.0,71.8,1.02,3.29,62.0,57.1,90.0,80.9,1.69,4.39,61.0,61.6,88.0,85.5,1.52,3.36,60.0,58.9,87.0,83.3,5.16,3.49,48.0,48.3,75.0,74.1,3.94,2.63,30.0,36.1,58.0,62.4,0.06,1.76,23.0,22.6,44.0,43.5,1.86,1.36,11.0,10.0,31.0,29.5,0.29,0.71,33.4,34.3,58.8,57.3,20.15,26.53,
IA7161,ROCKWELL-CITY,42.4,-94.62,5.0,7.9,25.0,26.7,0.58,0.75,10.0,14.1,30.0,33.2,0.36,0.82,25.0,24.3,54.0,44.1,0.37,1.99,36.0,37.1,63.0,60.6,2.17,3.0,54.0,49.0,81.0,72.7,2.35,4.21,62.0,58.7,90.0,81.9,2.47,4.73,64.0,62.8,87.0,85.3,5.04,3.96,64.0,60.4,89.0,83.0,4.56,3.87,53.0,51.1,79.0,75.5,5.66,3.19,36.0,39.9,59.0,63.9,0.43,2.17,28.0,26.3,46.0,45.5,2.94,1.42,16.0,14.1,36.0,31.6,0.9,0.93,37.8,37.2,61.6,58.7,27.83,31.04,
IA7312,SAC-CITY,42.43,-95.0,4.0,7.5,24.0,26.2,0.62,0.73,7.0,13.5,29.0,33.0,0.61,0.9,24.0,23.8,51.0,43.7,0.17,2.12,32.0,36.5,61.0,60.3,2.56,3.0,51.0,48.1,81.0,72.4,1.83,4.16,58.0,57.9,89.0,81.5,3.51,4.71,59.0,62.6,88.0,85.4,2.68,3.64,59.0,60.3,88.0,83.2,6.04,3.87,50.0,50.7,75.0,75.0,4.61,3.16,33.0,39.4,57.0,63.6,0.4,2.18,25.0,25.9,46.0,45.1,2.94,1.45,15.0,13.7,33.0,31.1,0.86,1.02,34.9,36.7,60.3,58.4,26.83,30.94,
IA7613,SHENANDOAH-1-NE,40.78,-95.35,11.0,13.1,36.0,32.8,0.0,0.75,15.0,18.9,41.0,39.7,0.0,1.0,27.0,28.4,55.0,50.4,0.0,2.06,39.0,40.3,68.0,65.0,0.0,2.96,55.0,51.7,83.0,75.4,1.53,4.32,61.0,61.1,91.0,84.2,0.89,4.85,66.0,65.7,90.0,88.4,2.29,4.34,67.0,63.3,92.0,86.4,1.64,3.81,56.0,54.0,82.0,78.9,4.59,3.39,37.0,42.5,62.0,67.8,0.25,2.4,30.0,29.7,52.0,50.5,3.3,1.71,20.0,18.7,42.0,37.2,0.46,0.99,40.3,40.7,66.2,63.1,14.95,32.59,
IA7664,SIBLEY-5-NNE,43.45,-95.72,-4.0,3.4,17.0,23.2,0.94,0.61,-1.0,9.8,21.0,29.8,0.39,0.8,22.0,20.7,45.0,40.5,1.2,1.8,31.0,33.6,56.0,57.8,4.07,2.8,50.0,45.7,78.0,70.9,1.58,3.56,60.0,55.7,85.0,79.7,2.41,4.51,61.0,60.1,84.0,83.4,0.73,3.18,59.0,57.7,84.0,81.2,4.8,3.95,49.0,48.0,73.0,73.3,3.88,2.91,31.0,36.6,57.0,61.9,0.11,1.83,22.0,22.7,42.0,42.7,1.88,1.32,8.0,10.0,27.0,28.4,0.14,0.77,32.3,33.7,55.9,56.1,22.13,28.04,
IA7669,SIDNEY,40.75,-95.65,13.0,13.5,36.0,33.1,0.26,0.72,15.0,19.4,40.0,40.0,0.37,0.96,29.0,28.6,58.0,50.6,0.15,2.09,41.0,40.9,69.0,65.0,3.26,3.05,57.0,52.3,82.0,75.1,4.11,4.36,65.0,61.4,92.0,84.0,1.04,4.48,66.0,66.0,88.0,88.1,4.12,4.86,67.0,63.7,93.0,86.2,2.09,4.04,57.0,54.7,84.0,78.8,3.71,3.44,40.0,43.5,65.0,68.0,0.34,2.57,34.0,30.3,55.0,50.5,3.29,1.69,22.0,19.2,46.0,37.5,0.33,0.95,42.4,41.2,67.4,63.1,23.07,33.22,
IA7678,SIGOURNEY,41.33,-92.2,13.0,11.8,32.0,29.9,0.38,0.99,12.0,17.4,33.0,36.3,0.2,0.97,27.0,27.0,54.0,47.0,0.65,2.17,38.0,39.5,66.0,61.9,1.21,3.45,54.0,51.0,80.0,72.8,2.25,4.24,63.0,60.6,91.0,81.9,0.53,4.23,66.0,64.9,94.0,86.3,0.55,4.17,68.0,62.5,93.0,84.3,3.3,4.09,56.0,53.7,80.0,76.4,2.2,3.69,37.0,42.5,60.0,65.2,0.98,2.71,31.0,29.8,51.0,48.7,3.38,2.26,20.0,17.9,40.0,35.1,0.78,1.13,40.5,39.9,64.6,60.5,16.41,34.09,
IA7708,SIOUX-CITY-WSO-AP,42.4,-96.38,5.0,8.2,27.0,27.8,0.73,0.58,9.0,14.9,32.0,34.2,0.43,0.76,26.0,24.9,53.0,45.0,0.59,1.71,35.0,37.6,63.0,61.4,2.5,2.41,54.0,49.9,81.0,72.9,2.47,3.63,63.0,59.5,90.0,82.0,0.53,3.64,64.0,64.3,89.0,86.1,2.93,3.31,63.0,62.0,89.0,83.8,5.16,2.95,53.0,51.5,77.0,75.6,5.17,2.49,34.0,39.5,60.0,64.3,0.08,1.74,28.0,25.8,47.0,46.1,2.08,1.13,17.0,13.8,37.0,32.3,0.58,0.7,37.8,37.7,62.1,59.4,23.25,25.05,
IA7726,SIOUX-RAPIDS,42.88,-95.15,2.0,5.5,22.0,25.2,0.64,0.58,6.0,11.8,27.0,31.7,0.31,0.73,25.0,22.4,50.0,42.0,0.67,1.71,34.0,35.5,60.0,59.3,2.91,2.83,53.0,47.5,81.0,72.0,2.48,3.69,61.0,57.3,86.0,81.1,3.87,4.45,61.0,61.5,85.0,84.5,1.6,3.63,61.0,59.2,86.0,82.5,7.87,4.07,49.0,49.4,74.0,74.3,3.88,3.01,31.0,37.9,56.0,62.6,0.42,1.91,24.0,24.3,41.0,44.0,3.1,1.38,10.0,11.7,29.0,29.8,0.89,0.81,34.9,35.4,58.1,57.5,28.64,28.81,
IA7979,STORM-LAKE-2-E,42.63,-95.18,3.0,5.2,22.0,24.6,0.68,0.62,6.0,11.2,26.0,30.8,0.3,0.75,24.0,21.3,50.0,41.3,0.49,1.86,33.0,34.5,59.0,58.0,3.01,3.1,51.0,46.7,79.0,70.3,1.81,4.04,60.0,56.7,87.0,79.4,4.12,4.82,62.0,61.1,86.0,83.4,2.47,4.1,63.0,58.9,87.0,81.2,7.9,4.31,51.0,49.2,76.0,73.5,5.59,3.26,34.0,37.8,57.0,62.0,0.49,2.06,25.0,24.3,45.0,44.0,2.77,1.34,14.0,11.6,31.0,29.8,0.8,0.77,35.6,34.9,58.9,56.6,30.43,31.02,
IA8266,TIPTON,41.78,-91.12,9.0,9.3,26.0,27.8,1.18,1.11,11.0,15.1,29.0,33.9,0.64,1.26,27.0,25.5,49.0,45.4,1.86,2.31,37.0,37.5,62.0,60.8,3.5,3.62,50.0,49.1,79.0,72.8,1.63,4.6,60.0,58.6,87.0,81.5,1.03,4.39,64.0,62.4,90.0,84.9,0.88,4.14,65.0,59.9,89.0,82.9,3.94,4.25,53.0,51.0,78.0,75.6,0.48,3.66,36.0,39.9,57.0,64.4,1.73,2.82,29.0,28.1,47.0,47.4,3.38,2.41,17.0,15.9,36.0,33.1,1.78,1.74,38.1,37.7,60.8,59.3,22.03,36.32,
IA8296,TOLEDO,41.98,-92.58,6.0,8.0,24.0,26.9,0.65,1.01,7.0,13.8,28.0,33.1,0.3,1.04,25.0,24.2,50.0,44.1,0.86,2.3,34.0,36.7,61.0,59.6,0.83,3.45,50.0,48.2,78.0,71.4,1.76,4.53,59.0,57.9,87.0,80.3,0.9,4.76,62.0,62.1,90.0,84.5,1.31,4.36,64.0,59.8,89.0,82.4,4.4,4.35,51.0,50.1,77.0,74.9,2.34,3.42,32.0,39.0,58.0,63.6,0.83,2.43,27.0,26.7,48.0,46.7,1.94,1.99,16.0,14.6,35.0,32.2,0.74,1.14,36.1,36.8,60.6,58.4,16.86,34.79,
IA8339,TRIPOLI-4-N,42.82,-92.25,0.0,6.0,20.0,24.4,1.44,0.89,4.0,12.5,23.0,30.7,0.05,0.91,24.0,23.5,44.0,42.0,1.2,2.08,33.0,36.2,59.0,58.4,2.3,3.46,49.0,47.9,77.0,71.1,1.47,4.3,57.0,57.4,86.0,80.1,2.68,4.38,61.0,61.4,87.0,83.5,2.18,4.26,61.0,59.1,88.0,81.5,3.45,4.45,49.0,50.0,77.0,73.6,1.96,3.11,30.0,39.1,57.0,62.0,0.68,2.48,26.0,26.0,44.0,44.0,3.01,1.83,11.0,13.1,30.0,29.7,0.69,1.11,33.8,36.1,57.7,56.8,21.11,33.26,
IA8568,VINTON,42.17,-92.0,6.0,9.3,25.0,27.3,0.99,0.95,10.0,15.3,28.0,33.7,0.48,0.91,27.0,25.6,50.0,45.0,0.94,2.1,36.0,38.0,63.0,61.2,1.19,3.41,50.0,49.3,79.0,72.9,0.86,4.25,58.0,58.4,89.0,81.6,1.92,4.16,63.0,62.3,91.0,85.3,1.05,4.01,65.0,60.3,90.0,83.1,2.46,4.01,53.0,51.3,78.0,75.5,3.99,3.59,35.0,40.4,58.0,64.1,1.18,2.37,29.0,27.9,46.0,46.6,1.95,1.96,17.0,15.8,35.0,32.4,0.69,1.25,37.6,37.9,61.1,59.1,17.7,32.96,
IA8688,WASHINGTON,41.28,-91.68,13.0,13.0,30.0,30.8,1.08,1.24,13.0,18.9,32.0,37.0,0.63,1.16,29.0,28.3,53.0,48.3,1.33,2.32,39.0,40.7,66.0,63.6,0.77,3.26,53.0,51.7,81.0,74.7,1.22,4.23,62.0,61.0,90.0,83.5,1.45,4.26,66.0,65.0,93.0,87.3,0.61,4.18,67.0,62.7,92.0,85.3,4.37,3.63,56.0,54.1,81.0,77.9,1.57,3.61,38.0,43.2,60.0,66.5,1.58,2.67,32.0,30.8,50.0,49.5,2.53,2.12,21.0,19.1,40.0,35.6,1.37,1.58,40.8,40.8,64.1,61.7,18.51,34.25,
IA8755,WAUKON,43.27,-91.48,1.0,6.5,22.0,23.3,0.33,0.67,5.0,12.2,25.0,29.7,0.0,0.62,24.0,22.6,44.0,40.7,0.84,1.63,34.0,35.9,59.0,56.9,2.61,3.39,48.0,47.7,76.0,69.1,1.39,3.96,58.0,57.0,85.0,77.4,0.99,4.21,62.0,61.2,86.0,81.3,2.58,4.19,62.0,59.3,86.0,79.4,3.15,4.09,50.0,50.3,75.0,71.3,6.72,3.25,31.0,39.5,57.0,60.3,0.72,2.13,24.0,25.8,44.0,42.7,2.85,1.78,10.0,13.1,30.0,28.5,0.75,0.83,34.1,36.0,57.6,55.1,22.93,30.75,
IA8806,WEBSTER-CITY,42.47,-93.8,4.0,7.5,24.0,26.2,0.78,0.73,8.0,13.7,28.0,32.5,0.47,0.89,26.0,24.1,51.0,43.6,0.59,1.87,34.0,36.6,63.0,60.3,1.91,2.98,51.0,48.4,81.0,72.6,1.37,4.06,59.0,58.0,89.0,81.1,1.26,4.92,61.0,62.2,90.0,84.4,1.0,4.36,62.0,59.8,90.0,82.2,2.95,4.32,52.0,50.4,77.0,74.9,4.12,2.9,33.0,39.2,58.0,63.5,0.51,2.25,27.0,26.1,46.0,45.3,2.89,1.53,13.0,13.7,34.0,31.1,0.41,1.04,35.9,36.7,61.0,58.2,18.26,31.85,
IA9067,WILLIAMSBURG,41.67,-92.02,10.0,10.1,28.0,28.9,0.87,1.06,11.0,16.0,31.0,35.2,0.08,1.0,28.0,26.0,51.0,46.5,0.89,2.1,37.0,38.0,65.0,61.9,1.05,3.53,52.0,49.7,81.0,73.2,1.21,4.59,61.0,59.3,89.0,81.8,0.61,4.64,64.0,63.3,92.0,85.6,0.67,4.31,66.0,60.9,90.0,83.7,5.53,4.28,54.0,51.8,79.0,76.2,2.08,3.76,35.0,40.6,59.0,65.0,1.58,2.53,31.0,28.4,48.0,48.1,4.1,2.28,19.0,16.6,38.0,34.1,0.54,1.32,39.1,38.4,62.7,60.1,19.21,35.39,
IA9132,WINTERSET,41.33,-94.0,11.0,10.4,32.0,30.2,0.2,0.91,12.0,16.1,33.0,36.4,0.72,1.02,27.0,25.7,55.0,47.1,0.49,1.91,37.0,38.2,66.0,62.5,0.93,3.17,53.0,49.6,80.0,73.1,2.11,4.09,62.0,58.6,90.0,81.6,0.37,4.53,64.0,63.3,90.0,85.9,1.63,3.81,66.0,61.1,90.0,84.0,3.9,3.93,54.0,51.8,79.0,76.2,4.61,3.54,36.0,41.0,61.0,65.2,0.38,2.2,30.0,28.0,51.0,48.3,2.57,1.81,18.0,16.3,41.0,34.9,0.33,0.95,39.1,38.4,64.1,60.5,18.24,31.89,
