stationID,stationName,Latitude,Longitude,1951_MINT,1951_MAXT,1951_PREC,1952_MINT,1952_MAXT,1952_PREC,1953_MINT,1953_MAXT,1953_PREC,1954_MINT,1954_MAXT,1954_PREC,1955_MINT,1955_MAXT,1955_PREC,1956_MINT,1956_MAXT,1956_PREC,1957_MINT,1957_MAXT,1957_PREC,1958_MINT,1958_MAXT,1958_PREC,1959_MINT,1959_MAXT,1959_PREC,1960_MINT,1960_MAXT,1960_PREC,1961_MINT,1961_MAXT,1961_PREC,1962_MINT,1962_MAXT,1962_PREC,1963_MINT,1963_MAXT,1963_PREC,1964_MINT,1964_MAXT,1964_PREC,1965_MINT,1965_MAXT,1965_PREC,1966_MINT,1966_MAXT,1966_PREC,1967_MINT,1967_MAXT,1967_PREC,1968_MINT,1968_MAXT,1968_PREC,1969_MINT,1969_MAXT,1969_PREC,1970_MINT,1970_MAXT,1970_PREC,1971_MINT,1971_MAXT,1971_PREC,1972_MINT,1972_MAXT,1972_PREC,1973_MINT,1973_MAXT,1973_PREC,1974_MINT,1974_MAXT,1974_PREC,1975_MINT,1975_MAXT,1975_PREC,1976_MINT,1976_MAXT,1976_PREC,1977_MINT,1977_MAXT,1977_PREC,1978_MINT,1978_MAXT,1978_PREC,1979_MINT,1979_MAXT,1979_PREC,1980_MINT,1980_MAXT,1980_PREC,1981_MINT,1981_MAXT,1981_PREC,1982_MINT,1982_MAXT,1982_PREC,1983_MINT,1983_MAXT,1983_PREC,1984_MINT,1984_MAXT,1984_PREC,1985_MINT,1985_MAXT,1985_PREC,1986_MINT,1986_MAXT,1986_PREC,1987_MINT,1987_MAXT,1987_PREC,1988_MINT,1988_MAXT,1988_PREC,1989_MINT,1989_MAXT,1989_PREC,1990_MINT,1990_MAXT,1990_PREC,1991_MINT,1991_MAXT,1991_PREC,1992_MINT,1992_MAXT,1992_PREC,1993_MINT,1993_MAXT,1993_PREC,1994_MINT,1994_MAXT,1994_PREC,1995_MINT,1995_MAXT,1995_PREC,1996_MINT,1996_MAXT,1996_PREC,1997_MINT,1997_MAXT,1997_PREC,1998_MINT,1998_MAXT,1998_PREC,1999_MINT,1999_MAXT,1999_PREC,2000_MINT,2000_MAXT,2000_PREC,2001_MINT,2001_MAXT,2001_PREC,2002_MINT,2002_MAXT,2002_PREC,2003_MINT,2003_MAXT,2003_PREC,2004_MINT,2004_MAXT,2004_PREC,2005_MINT,2005_MAXT,2005_PREC,CYR_MINT,CYR_MAXT,CYR_PREC,
IA0112,ALBIA,41.03,-92.8,38.7,58.2,43.4,41.3,63.2,37.51,42.3,65.3,19.56,42.9,64.7,31.91,41.0,63.4,28.44,41.5,64.4,24.9,41.4,61.8,33.32,40.2,61.3,34.21,41.2,60.8,40.21,39.8,60.5,41.99,40.6,61.3,43.07,40.5,60.9,35.8,40.4,61.5,26.7,41.2,61.9,29.24,40.6,60.5,45.09,40.6,61.4,27.26,41.3,60.9,41.96,41.7,61.4,31.68,41.1,60.1,32.06,41.3,61.3,38.0,41.8,62.5,27.19,39.5,60.6,36.71,42.2,62.1,56.18,40.5,62.1,38.89,41.0,61.9,29.32,39.6,63.0,34.69,41.5,63.0,41.81,39.2,59.7,42.97,39.0,60.4,31.07,41.4,62.9,38.04,42.5,63.8,36.38,40.4,60.5,48.69,41.6,61.5,36.3,40.6,61.0,22.3,38.5,59.2,27.64,42.8,61.4,44.39,44.0,64.1,35.18,40.1,63.8,20.31,38.7,60.6,30.97,42.7,62.9,43.85,41.9,62.3,36.88,41.1,60.5,41.81,40.3,58.2,42.72,40.3,61.4,30.92,40.2,60.2,35.45,38.5,58.8,32.94,39.7,59.5,35.96,43.4,61.6,49.27,40.7,62.0,29.93,39.8,60.7,34.55,40.8,60.6,43.91,40.3,61.4,29.26,38.7,60.1,29.69,39.5,59.6,35.38,39.9,60.5,18.39,40.8,61.5,35.76,
IA0133,ALGONA,43.07,-94.3,34.6,52.6,35.61,37.5,57.1,25.47,38.4,58.5,26.06,38.6,57.9,38.22,34.8,58.7,20.96,34.1,58.0,19.84,35.8,57.6,21.86,34.9,58.0,15.67,35.2,56.5,36.38,34.3,56.7,24.53,34.4,55.7,34.2,34.8,56.1,31.34,35.8,58.6,23.93,36.1,59.7,35.33,34.6,56.7,41.61,33.8,57.5,21.36,34.7,57.9,22.31,35.6,58.3,34.05,33.9,55.1,31.44,34.0,56.4,24.71,35.1,57.1,28.04,33.8,54.2,29.94,37.8,58.1,37.22,35.7,57.5,23.21,35.9,56.5,28.86,35.1,59.6,16.83,37.4,59.0,28.01,34.6,56.1,30.3,34.3,54.9,21.63,36.7,58.6,14.06,38.0,59.7,26.73,36.3,55.8,39.41,37.4,56.3,35.64,36.2,56.6,34.34,33.9,54.3,29.52,37.3,55.7,33.47,40.0,60.6,25.51,35.5,57.7,22.35,34.2,55.9,17.18,37.0,58.3,30.51,37.1,55.3,45.61,37.3,55.1,35.14,34.8,52.1,44.7,36.1,56.4,36.41,37.1,55.6,33.52,34.5,53.7,28.68,36.3,55.4,24.39,39.1,58.0,34.52,36.7,57.9,30.95,34.9,56.3,30.85,35.9,56.4,31.84,34.9,57.1,26.96,33.8,56.3,23.45,34.9,56.0,33.08,36.2,56.2,25.51,35.8,56.8,29.31,
IA0157,ALLISON,42.75,-92.78,34.5,53.6,53.46,37.3,58.4,26.72,38.5,59.6,28.31,38.8,59.1,32.79,37.0,59.2,26.59,36.8,59.0,27.08,37.8,57.8,31.36,36.8,58.1,24.42,37.0,57.2,42.51,36.6,57.1,35.35,37.2,57.6,29.12,36.6,56.5,29.23,37.1,58.6,37.03,38.3,60.7,31.13,36.1,56.8,43.41,34.7,58.3,28.8,35.6,58.1,27.06,37.3,59.5,44.39,36.1,56.8,39.77,36.5,57.8,32.47,36.6,58.7,25.89,35.8,56.3,33.55,40.0,59.0,42.12,38.1,58.1,34.18,38.1,58.2,25.57,35.8,60.4,24.55,36.7,59.8,33.87,34.3,55.9,31.2,35.4,55.0,38.89,35.9,58.0,35.33,36.4,59.1,30.07,34.6,55.4,31.72,36.7,56.5,43.99,37.9,57.5,34.81,35.7,56.2,26.7,38.6,57.5,35.06,41.3,61.8,27.5,36.7,60.4,20.08,35.7,58.1,18.62,39.2,60.1,40.34,38.5,58.1,44.68,37.7,56.8,33.12,36.8,54.4,43.31,37.2,57.2,38.21,37.6,56.7,27.89,35.2,54.9,31.17,37.5,56.5,29.07,41.9,60.0,41.03,39.6,60.0,43.32,38.5,58.7,30.94,39.4,58.8,32.76,39.4,59.8,29.47,37.5,58.6,27.68,38.9,58.5,29.84,39.2,58.7,21.38,37.1,57.9,33.34,
IA0200,AMES-8-WSW,42.03,-93.8,36.1,55.0,40.28,38.1,59.2,28.53,39.2,61.4,21.55,40.1,60.9,41.48,37.7,60.4,21.12,38.1,60.8,21.22,38.8,58.1,33.17,37.5,58.2,25.75,38.1,57.5,33.95,36.9,56.7,34.34,38.1,57.8,37.99,37.6,57.6,24.4,38.6,59.3,32.04,38.7,60.5,31.78,37.6,58.5,35.92,36.3,59.2,23.08,36.9,59.4,26.55,37.6,60.0,35.53,37.0,57.0,31.76,37.5,58.7,35.49,38.1,59.4,27.8,36.2,56.8,37.03,40.0,59.3,44.99,37.9,59.1,37.23,37.6,59.0,30.33,36.0,61.1,23.5,38.8,61.6,37.04,36.0,57.0,34.86,35.8,56.7,38.0,38.0,60.4,20.76,38.9,61.9,25.01,37.0,56.9,37.96,39.0,58.1,46.94,38.8,58.9,36.0,36.5,57.8,25.29,39.9,59.6,42.89,41.3,63.4,36.23,38.1,62.6,22.18,36.3,59.3,22.83,40.1,61.3,44.3,39.4,59.3,40.28,39.1,58.5,34.23,37.9,55.1,56.47,38.0,58.9,28.74,38.4,57.6,29.08,36.3,56.0,37.59,38.5,57.8,26.86,42.4,60.8,35.06,40.6,61.1,40.3,39.2,60.5,23.37,40.6,60.3,31.77,39.7,61.4,32.63,38.5,60.1,35.06,39.7,60.1,33.89,40.1,60.5,20.82,38.1,59.0,32.8,
IA0213,ANAMOSA-1-WNW,42.12,-91.3,34.5,55.2,43.98,36.3,59.3,29.74,37.2,60.5,26.87,37.9,60.6,34.72,37.4,60.2,27.64,36.9,60.0,25.7,38.4,58.6,31.43,36.7,58.0,26.0,37.9,57.4,42.63,36.5,56.9,39.91,36.2,57.8,47.17,35.7,56.9,37.21,33.7,58.8,27.31,36.2,60.3,29.31,36.9,57.8,43.4,34.0,58.5,29.15,34.7,57.8,43.44,37.6,59.5,34.11,36.9,57.4,43.32,37.3,58.4,30.87,36.9,59.7,34.49,35.8,57.4,34.31,39.8,60.5,37.6,36.8,59.1,46.44,37.1,60.0,25.54,34.0,60.5,18.43,36.7,59.8,39.39,34.8,57.1,28.31,34.5,56.4,27.75,36.9,59.8,17.2,37.8,61.1,32.52,35.4,58.0,41.22,36.7,59.4,30.35,36.5,59.9,37.11,34.6,58.2,33.3,38.7,59.7,44.63,40.4,63.2,37.46,36.0,61.6,17.64,35.5,58.7,21.73,39.5,60.8,41.47,38.4,60.0,37.49,38.0,58.4,37.67,38.0,56.5,57.16,37.1,59.2,31.12,37.7,58.7,33.29,35.6,56.6,35.41,37.8,57.9,33.82,42.1,61.7,46.64,37.3,60.6,37.96,35.8,58.7,34.41,36.9,59.0,38.01,37.2,59.4,41.24,34.6,58.5,34.55,36.5,58.5,38.96,36.8,59.1,14.95,36.8,58.9,34.58,
IA0241,ANKENY-3-S,41.68,-93.6,37.1,56.3,39.76,39.0,60.6,32.53,39.4,62.4,21.89,39.3,61.5,43.93,37.8,60.3,19.53,38.0,60.6,21.53,39.0,58.4,25.55,37.8,58.1,26.19,38.8,57.4,32.25,37.6,56.6,33.61,38.3,57.6,36.47,38.6,58.5,23.42,39.9,61.0,27.87,40.4,62.2,28.54,39.3,60.0,34.02,38.1,60.5,24.74,37.6,60.2,23.99,37.1,58.9,29.51,36.8,56.4,30.95,37.3,58.2,33.52,38.3,58.9,24.7,36.5,56.4,34.58,40.6,59.1,20.35,38.0,58.9,34.58,38.0,58.6,28.87,36.8,60.4,25.28,39.0,60.8,36.93,36.9,57.7,31.05,36.5,57.1,21.77,39.3,60.5,23.8,40.8,61.9,26.74,38.0,57.9,46.87,39.3,59.1,48.5,38.8,59.8,44.33,37.5,58.6,23.27,41.9,60.3,48.1,43.0,62.6,33.34,39.5,62.2,17.52,36.8,58.9,22.41,39.1,59.9,41.74,38.7,58.9,40.82,38.2,57.9,30.9,37.0,55.1,53.53,36.0,59.3,28.35,36.7,58.1,32.81,34.4,56.0,31.21,36.7,58.0,26.54,41.0,60.9,41.41,38.5,61.3,33.17,38.0,61.2,26.42,39.1,61.0,31.61,38.4,61.8,25.47,37.4,60.7,32.66,38.4,60.4,36.84,39.4,61.3,25.47,38.3,59.2,31.4,
IA0364,ATLANTIC-1-NE,41.42,-95.0,35.5,57.4,35.66,37.0,60.9,32.25,38.2,64.2,19.63,39.2,62.4,31.01,36.5,61.7,19.94,36.4,62.3,28.82,38.0,59.7,36.05,36.9,59.8,27.93,37.6,59.8,34.98,35.6,58.4,33.36,35.8,59.7,31.78,37.0,59.6,25.47,38.1,61.5,24.14,38.3,62.1,35.44,37.3,60.3,35.36,35.2,60.3,19.74,35.6,60.3,28.53,36.7,60.9,23.74,36.6,58.0,30.92,37.6,60.2,25.06,37.9,60.2,27.61,36.6,57.9,43.66,38.9,59.4,40.57,36.8,61.5,21.79,37.5,61.0,28.49,36.6,62.0,26.89,37.4,61.4,33.44,34.7,57.2,26.58,35.6,58.2,33.44,37.4,61.4,24.76,37.9,62.1,26.52,36.3,57.2,35.87,37.8,58.4,31.31,37.5,59.7,37.77,35.5,58.2,27.42,39.5,60.8,49.06,40.3,62.9,34.2,37.7,63.5,19.23,35.5,59.6,36.67,39.2,61.6,33.0,38.7,60.2,49.24,38.5,59.8,38.76,37.5,56.5,53.88,37.4,60.3,29.12,38.2,59.1,32.5,35.9,57.1,40.49,37.4,59.5,31.8,38.4,55.2,59.25,39.1,62.2,38.56,38.2,62.2,25.1,39.2,61.6,34.94,38.2,62.6,23.92,37.0,61.4,25.59,38.6,60.9,31.76,39.0,62.1,21.26,37.4,60.2,32.42,
IA0385,AUDUBON,41.72,-94.93,34.6,55.2,37.73,37.9,59.7,38.11,38.8,62.5,20.16,39.1,62.2,28.47,35.9,61.9,21.81,36.5,61.6,33.18,37.7,59.4,35.14,36.5,59.7,40.27,37.1,59.5,32.69,33.7,58.1,35.3,34.8,59.0,38.87,35.4,59.5,25.78,36.1,61.3,29.49,37.3,61.9,42.51,36.7,60.1,42.33,36.2,60.4,21.57,37.2,61.1,30.54,37.8,61.8,28.59,37.6,59.4,31.01,38.2,60.7,27.83,39.0,61.0,33.96,36.9,58.7,42.23,40.5,60.5,48.53,39.0,61.4,24.66,37.9,60.3,36.01,37.7,62.1,22.63,39.6,61.4,35.14,36.7,58.6,32.04,36.0,58.2,32.84,38.5,61.9,22.0,39.9,63.4,28.63,37.8,58.9,40.37,39.3,59.8,34.59,39.3,60.6,43.26,37.1,59.3,27.13,40.5,61.8,45.95,41.5,63.8,35.74,37.0,63.1,19.36,35.9,59.6,31.72,39.3,61.9,34.49,38.7,60.0,38.56,38.5,59.6,34.94,37.2,55.9,40.57,37.0,59.6,25.01,38.1,58.5,29.28,35.9,56.5,39.63,36.6,58.1,28.93,39.7,59.5,42.18,36.7,59.7,35.84,36.0,59.7,20.95,37.2,59.4,30.05,36.2,59.7,25.58,34.9,58.7,26.85,36.0,58.5,38.96,36.9,59.3,22.71,37.5,60.1,32.92,
IA0576,BEDFORD-1-NNW,40.68,-94.72,37.5,59.1,47.44,40.9,63.7,38.54,41.9,66.6,26.17,43.1,66.6,36.39,40.6,65.2,25.84,40.6,66.4,30.54,40.7,63.3,38.8,40.2,62.2,39.04,39.7,61.4,46.03,38.5,60.2,45.43,38.6,60.9,48.72,39.8,61.9,36.77,39.7,63.9,28.91,39.3,65.9,35.81,38.4,64.2,39.61,37.0,62.7,28.58,39.4,63.0,28.34,39.7,63.3,25.15,40.0,61.7,39.72,40.0,63.4,32.95,39.4,62.8,28.21,38.4,61.1,32.62,41.2,61.7,52.13,39.6,63.7,29.45,39.7,62.6,34.56,37.7,63.5,25.93,40.5,63.3,48.71,37.8,59.6,35.14,37.7,59.1,34.26,40.2,62.9,30.19,41.6,63.2,35.61,40.0,59.7,46.3,41.2,60.4,30.58,41.0,61.7,35.19,39.1,59.8,36.65,43.1,63.1,46.63,43.6,64.9,37.7,40.1,64.8,16.69,38.6,61.4,27.88,41.9,62.9,40.74,41.6,62.9,32.69,41.5,61.6,41.94,40.2,58.4,54.49,40.7,62.2,32.07,40.8,61.2,34.9,39.0,59.0,43.84,39.8,60.3,33.41,43.0,61.6,37.53,40.2,61.7,34.15,39.6,61.2,33.99,40.6,60.7,38.34,39.9,61.7,25.35,38.9,61.1,29.37,39.9,60.2,36.06,40.0,61.7,26.75,40.1,62.3,36.11,
IA0600,BELLE-PLAINE,41.88,-92.27,36.2,56.0,42.06,38.3,60.7,28.66,38.8,62.1,25.11,39.7,61.8,38.81,38.0,61.5,21.08,37.8,61.6,25.72,38.5,59.6,31.65,37.1,59.2,34.39,38.1,58.4,44.62,36.8,58.2,38.66,37.7,58.8,38.55,37.0,58.0,38.16,37.6,59.5,30.7,38.7,60.9,29.16,38.1,58.2,45.87,36.5,59.1,28.73,37.2,58.7,33.01,38.0,59.8,33.58,37.7,57.6,40.72,38.4,58.5,41.02,38.5,59.5,32.06,36.7,56.5,40.86,40.9,59.5,38.23,39.2,58.1,49.09,39.0,59.3,32.28,36.1,60.8,22.98,38.7,60.9,39.83,36.6,57.2,40.47,36.5,57.1,38.77,38.7,60.0,27.77,39.6,61.3,34.13,38.1,57.8,37.51,40.4,59.2,42.65,39.2,59.5,32.42,37.4,58.1,29.96,40.2,59.7,44.79,41.6,63.1,34.96,37.3,61.9,18.83,36.1,58.4,28.23,40.2,60.3,44.26,39.7,59.7,38.99,38.5,57.9,39.63,37.2,55.1,58.75,36.9,58.1,30.82,36.8,57.3,32.97,34.6,54.5,36.73,36.5,56.2,32.21,41.0,59.7,40.62,38.0,59.8,29.69,37.1,59.3,29.99,37.7,59.1,33.66,37.2,60.1,29.49,35.5,58.5,33.33,37.0,58.5,37.75,38.0,59.1,20.54,38.0,59.1,35.38,
IA0608,BELLEVUE-L-AND-D-12,42.27,-90.42,36.5,55.6,45.07,38.5,59.8,27.45,39.9,60.7,28.61,40.2,60.3,32.16,39.5,60.0,27.82,39.5,60.1,28.05,39.6,58.8,29.17,37.2,58.0,29.56,38.7,58.0,44.79,37.3,57.5,35.92,38.4,58.4,39.55,37.7,57.5,31.19,37.2,59.0,25.7,39.4,60.0,26.25,38.4,58.1,43.23,36.9,58.4,27.91,36.3,57.8,31.64,39.5,59.2,31.27,38.1,57.7,32.78,38.7,58.4,36.03,38.8,59.3,30.09,37.6,56.4,41.31,41.7,59.6,40.9,38.7,58.3,40.21,39.3,59.2,31.38,36.2,59.6,22.18,39.1,59.3,34.95,36.5,57.6,29.36,36.3,57.1,34.46,38.6,58.9,36.05,39.3,60.1,43.56,37.5,57.7,36.53,40.3,58.9,29.15,39.1,59.6,36.4,37.4,57.9,32.25,38.2,57.9,42.2,40.2,60.8,33.68,35.9,59.9,20.4,35.0,57.0,25.35,37.9,59.1,38.42,36.8,58.0,33.89,36.1,55.9,35.1,36.2,54.4,45.13,36.0,57.6,35.45,36.9,57.4,28.97,34.6,55.1,34.65,36.6,56.5,30.21,41.6,60.8,42.7,37.8,60.0,29.36,36.9,58.6,36.19,38.5,59.8,37.72,38.8,60.3,36.0,36.6,59.1,29.81,38.2,59.3,36.8,38.1,60.0,14.0,38.0,58.4,33.77,
IA0753,BLOOMFIELD,40.75,-92.43,38.0,58.3,40.07,40.2,62.8,32.1,41.1,65.0,27.04,42.1,64.5,36.04,39.9,63.3,28.66,40.8,64.3,20.67,40.8,61.8,30.48,39.5,60.2,34.51,40.7,60.3,39.22,38.1,59.2,36.42,39.1,61.1,40.36,38.0,60.8,30.35,38.2,62.4,25.33,40.1,63.4,29.84,38.8,61.8,38.94,37.4,61.7,25.56,39.4,61.5,39.51,40.1,62.0,27.38,37.7,60.4,37.45,40.2,61.9,48.86,40.9,62.3,30.32,39.1,60.5,31.76,41.8,62.2,57.66,40.0,61.7,40.7,39.1,62.5,27.62,38.9,62.6,32.9,40.7,62.4,38.87,39.0,59.4,42.15,38.8,59.9,37.5,41.3,62.4,45.06,42.4,63.2,43.42,40.5,60.7,54.09,42.3,62.7,34.21,41.7,62.9,42.19,40.0,60.7,38.87,43.6,63.5,50.38,44.9,65.7,31.09,41.3,65.4,22.42,39.9,62.6,23.2,43.9,64.7,41.5,43.2,64.4,37.97,42.4,62.4,34.91,41.4,59.4,54.47,41.7,63.0,31.93,41.8,61.3,41.12,39.7,60.2,34.44,40.7,60.5,35.62,44.2,62.2,45.69,41.3,62.5,27.9,40.4,61.0,30.76,41.2,61.2,46.21,40.8,61.8,30.77,39.5,60.3,34.46,40.7,59.9,44.38,41.3,61.3,18.81,40.5,62.0,36.39,
IA0923,BRITT,43.07,-93.8,31.7,53.5,46.55,36.2,57.9,27.7,37.4,59.5,29.46,37.8,59.1,43.49,35.8,59.4,25.69,35.6,58.6,28.97,36.3,57.6,30.73,35.3,58.6,16.73,35.5,57.0,40.05,34.9,57.0,20.57,35.6,56.6,36.99,34.8,55.8,32.21,35.4,57.7,28.43,36.7,58.8,34.31,34.2,55.4,39.1,33.8,56.1,20.63,34.6,56.9,29.25,36.1,58.2,34.79,34.6,54.2,31.18,35.3,55.7,25.47,36.3,56.5,25.81,34.9,53.8,35.05,38.9,57.3,38.48,37.2,56.3,18.64,36.9,56.3,34.71,36.1,59.3,17.23,37.8,59.6,25.39,33.0,55.9,22.62,33.4,54.8,35.38,35.9,58.9,27.94,38.7,60.1,29.47,37.7,56.1,32.05,37.3,56.4,21.33,36.6,56.4,11.17,34.1,55.1,28.7,37.4,57.1,30.13,40.2,61.4,5.34,35.2,57.8,24.33,34.5,55.9,19.37,37.5,58.5,36.98,37.4,55.9,42.78,36.9,55.5,37.12,35.0,52.4,42.35,34.5,55.2,31.81,35.0,53.9,28.75,32.3,51.4,29.76,34.7,53.5,22.82,39.1,57.3,36.53,37.0,56.8,35.01,35.1,55.0,31.25,35.9,55.0,33.01,35.7,55.8,27.35,34.3,55.1,24.62,35.8,55.2,38.45,37.0,55.7,24.96,35.8,56.6,29.68,
IA1233,CARROLL-2-SSW,42.07,-94.85,34.1,55.3,46.41,36.4,59.9,34.25,37.1,61.7,18.39,37.8,62.0,30.26,35.4,61.2,18.94,35.6,61.5,24.08,36.8,58.9,35.22,34.5,59.2,23.51,36.1,58.5,31.06,34.3,57.6,31.15,34.6,58.5,35.62,35.6,58.1,25.44,36.6,60.5,21.61,36.4,60.5,29.9,34.7,58.7,35.7,33.2,59.5,22.33,35.0,60.3,31.99,35.9,60.2,35.14,35.5,57.5,33.62,36.1,58.9,25.92,36.0,60.0,26.44,34.5,57.5,38.21,38.5,59.5,50.51,36.7,60.4,30.83,37.0,60.8,27.82,36.5,63.4,23.21,37.6,62.0,27.87,36.0,58.4,34.43,34.7,56.0,35.4,36.7,59.4,14.56,37.4,60.1,30.34,35.8,55.8,34.51,38.1,56.2,38.22,39.0,59.0,44.39,35.8,56.5,28.3,38.7,58.7,44.71,40.1,61.8,36.67,37.0,61.1,32.93,35.3,58.4,28.53,38.3,60.8,41.53,38.4,58.7,33.72,38.2,58.4,32.79,36.4,54.7,39.01,36.8,58.3,26.85,37.8,57.6,26.31,35.1,55.2,39.34,37.0,57.8,25.17,40.7,60.3,36.32,38.1,60.5,37.67,37.4,60.1,19.98,38.5,59.5,33.77,37.8,60.0,33.42,36.5,59.0,30.28,37.0,59.2,31.19,38.4,59.8,19.56,36.5,59.1,31.59,
IA1257,CASCADE,42.3,-91.02,35.1,55.5,45.56,37.2,59.9,28.71,38.2,60.8,26.33,38.8,60.2,32.95,37.6,60.2,25.2,37.0,59.8,26.66,37.9,58.6,25.81,36.0,58.1,24.0,36.8,57.5,40.38,34.3,57.2,38.02,33.2,57.8,42.61,36.0,57.0,31.77,35.6,58.5,24.76,37.5,59.7,30.5,37.3,57.4,39.85,35.5,58.1,25.8,36.4,57.4,35.98,37.7,58.9,35.74,36.1,57.2,36.36,36.8,57.8,36.91,36.8,58.7,38.16,35.5,55.7,39.86,40.0,59.3,40.09,37.4,58.0,42.98,37.2,58.5,26.35,34.6,59.2,22.18,36.4,58.5,31.18,32.9,56.5,29.37,33.1,56.0,31.88,35.6,58.2,34.12,36.0,59.6,37.76,33.9,56.6,35.85,36.8,58.1,27.2,36.1,58.6,32.42,34.3,57.0,35.25,37.3,58.1,40.03,39.3,60.5,35.24,35.1,59.5,18.27,34.3,56.3,22.24,38.0,58.7,36.6,37.4,58.2,34.67,36.7,56.2,34.05,36.7,54.7,51.4,36.3,57.0,31.32,36.8,56.8,30.15,34.2,54.4,30.89,36.2,56.0,31.52,41.0,60.2,41.75,37.9,59.4,33.69,36.8,58.0,34.22,37.9,58.8,38.53,37.9,58.8,45.52,35.7,58.0,32.01,37.2,58.0,36.65,37.4,58.6,14.3,36.4,58.0,33.4,
IA1277,CASTANA-EXP-FARM,42.07,-95.82,35.6,54.7,42.85,38.6,58.4,30.57,39.0,61.1,23.8,39.5,60.3,33.98,37.7,60.6,16.93,38.0,61.1,21.59,38.7,58.6,34.57,37.9,58.9,22.83,37.9,58.2,36.39,36.6,56.7,31.32,37.6,58.0,34.54,38.3,58.1,33.18,39.2,60.1,33.0,38.5,60.5,31.23,37.5,58.7,35.64,36.8,59.1,20.77,37.2,59.8,25.13,37.3,60.1,33.57,36.7,57.4,24.86,37.1,59.9,24.85,38.0,59.5,23.04,36.6,57.2,35.37,39.9,60.0,37.2,38.3,60.9,24.56,37.0,59.1,28.43,36.5,62.3,13.72,37.7,61.0,34.87,35.0,57.0,31.03,35.8,57.5,27.76,38.4,61.2,21.49,39.3,62.1,18.43,37.1,57.1,41.99,38.7,57.4,34.72,38.6,58.6,43.19,36.3,57.6,25.96,39.9,60.4,35.09,41.5,63.0,38.22,38.2,63.3,20.33,37.5,60.7,20.88,40.5,62.3,32.45,40.3,60.8,32.69,40.1,60.1,37.46,37.9,56.2,45.82,39.2,60.3,32.3,39.4,59.6,30.1,36.9,57.2,39.58,39.4,59.5,23.08,42.8,61.8,41.35,41.3,62.3,30.69,40.3,61.8,24.45,39.8,59.6,33.67,38.1,59.3,27.01,37.5,58.7,24.07,37.9,58.7,26.78,38.7,59.4,19.24,38.3,59.5,30.44,
IA1319,CEDAR-RAPIDS-1,42.03,-91.58,36.8,56.1,43.4,39.1,60.4,30.86,40.1,61.5,24.67,40.4,60.9,39.13,38.9,61.1,28.9,39.0,60.5,27.47,39.8,59.6,27.34,37.9,58.7,25.92,38.6,58.2,48.15,38.1,58.1,38.34,38.9,58.8,47.9,38.3,58.0,32.45,38.6,59.5,28.81,39.9,61.2,25.87,39.0,58.4,50.29,37.6,58.8,28.89,38.3,58.3,42.8,39.3,59.6,34.79,38.4,57.6,44.83,38.6,59.3,38.33,38.5,60.3,40.28,37.2,57.3,41.21,41.5,60.4,40.53,39.0,59.2,39.65,39.1,60.0,27.71,36.8,60.7,24.92,39.0,60.4,47.73,36.8,57.3,31.48,36.9,57.2,36.88,39.2,59.5,27.53,39.9,60.3,35.55,38.2,57.4,45.05,40.3,59.1,34.92,38.9,59.8,35.85,37.3,58.4,33.5,40.4,59.6,44.73,42.3,63.3,36.47,38.6,62.5,22.74,37.9,59.5,24.19,41.7,61.8,43.04,40.9,61.0,40.57,39.9,59.0,35.07,39.5,56.9,60.12,39.5,59.6,32.47,39.7,59.1,29.73,37.5,57.2,34.07,39.4,58.4,34.83,43.9,61.8,46.34,41.3,61.8,35.14,40.5,60.3,33.9,41.6,60.6,37.35,41.5,61.6,39.32,39.6,60.4,32.92,40.7,60.5,35.1,40.8,61.1,16.21,39.2,59.5,36.13,
IA1354,CENTERVILLE,40.72,-92.87,38.8,58.9,39.25,40.8,62.8,31.5,43.1,64.9,19.32,42.8,64.5,33.57,40.7,62.8,27.51,40.9,63.9,23.09,41.0,61.9,37.15,40.0,61.2,31.39,40.6,61.0,38.85,38.8,60.2,32.08,39.3,61.7,45.02,39.1,61.7,28.22,41.0,63.0,22.53,41.0,63.4,24.43,39.3,62.1,40.74,37.9,61.6,19.63,39.5,61.2,35.59,40.3,61.1,23.17,40.6,60.0,30.16,41.7,61.2,34.16,42.3,61.7,20.01,40.6,59.8,33.41,44.2,61.4,58.15,41.7,61.8,32.86,41.7,61.9,29.84,39.7,61.5,31.32,42.1,62.5,30.81,38.5,58.9,29.86,37.6,59.2,26.62,40.5,61.3,43.41,41.3,62.5,46.18,39.6,59.3,54.16,41.5,61.5,35.32,41.0,61.4,35.84,39.3,59.3,36.25,43.1,61.9,39.65,44.4,64.1,37.3,40.8,63.8,17.6,39.7,60.5,29.79,43.5,62.9,45.74,43.1,62.8,34.86,42.5,60.7,39.17,41.3,58.4,49.46,41.4,61.5,34.53,41.3,60.2,33.43,39.6,58.9,35.86,41.0,59.8,31.43,44.4,62.1,41.74,41.8,62.3,31.72,40.9,61.1,36.29,41.5,61.2,43.47,41.2,61.9,27.93,40.2,60.6,34.64,40.9,60.2,40.61,41.8,61.4,19.51,40.9,61.4,34.19,
IA1394,CHARITON,41.0,-93.32,36.8,58.4,36.27,39.0,62.6,33.74,39.8,64.6,23.85,40.7,64.7,27.82,38.4,63.1,26.61,39.3,64.6,20.95,39.2,61.7,28.26,37.9,61.8,28.11,39.5,61.3,44.44,37.7,60.5,43.46,38.3,61.3,50.48,37.6,61.3,39.27,38.2,62.7,27.61,38.8,64.3,36.23,37.8,62.7,38.08,36.0,62.3,28.79,37.7,62.4,29.55,38.0,62.5,28.08,38.6,60.9,38.03,38.9,62.1,42.7,38.7,62.7,26.19,37.9,60.5,36.52,41.8,61.9,53.84,39.1,62.3,33.87,39.4,62.2,34.34,37.1,62.4,30.24,39.4,63.4,36.87,36.7,59.2,42.26,37.2,59.9,30.78,39.4,62.4,37.47,39.4,63.5,39.73,39.0,60.1,51.3,41.4,61.6,34.37,40.3,62.3,36.69,38.2,59.9,37.14,42.1,63.0,45.38,42.2,64.6,40.14,38.6,64.7,20.0,35.4,59.7,24.97,39.9,61.3,42.08,38.8,60.8,35.72,38.8,59.3,42.75,37.9,56.8,49.87,37.2,60.1,24.42,37.3,58.8,33.07,35.5,56.9,33.76,37.3,58.6,34.64,41.4,61.6,44.88,37.7,61.7,35.2,37.4,61.0,33.16,38.3,60.7,40.77,37.7,61.9,30.48,36.6,60.8,31.64,38.0,60.1,34.97,38.6,61.1,19.85,38.6,61.5,35.59,
IA1402,CHARLES-CITY,43.05,-92.67,33.9,52.0,38.97,37.1,56.6,29.88,38.1,59.3,29.04,38.9,59.4,34.85,36.9,59.3,23.39,36.3,58.4,29.88,38.0,57.5,27.4,36.5,57.5,24.64,36.9,56.6,38.99,36.8,56.9,31.3,36.6,57.0,30.71,35.6,56.1,29.67,35.4,57.8,28.22,36.3,59.4,29.37,35.4,56.0,39.98,34.7,56.6,28.57,35.3,56.6,27.27,36.6,57.8,39.89,35.4,55.4,37.17,35.5,56.1,35.49,35.9,57.0,32.59,34.9,54.3,39.71,39.0,57.9,38.92,36.9,56.8,31.08,36.8,57.0,29.17,35.0,58.5,22.64,37.4,58.3,37.91,34.5,55.5,32.5,34.4,54.4,48.22,36.6,57.8,35.75,37.7,58.7,34.89,35.6,55.0,38.95,37.6,56.2,42.86,36.9,57.4,29.87,34.6,56.1,31.6,37.5,57.3,35.27,39.2,60.9,24.28,33.4,59.0,23.54,33.4,57.2,16.57,37.3,59.4,42.59,37.0,57.5,42.49,36.6,56.3,34.55,35.2,53.9,43.48,35.0,56.8,33.04,36.2,56.4,31.06,33.6,54.3,30.91,35.2,55.9,29.07,39.9,59.8,39.15,37.0,59.6,51.35,36.3,58.6,38.8,38.5,59.4,31.24,39.1,59.4,33.25,36.4,58.4,25.03,38.0,58.1,39.57,38.4,58.1,24.15,36.3,57.1,33.52,
IA1442,CHEROKEE,42.75,-95.53,34.4,54.0,38.87,37.0,58.4,25.28,37.4,60.2,37.31,37.8,60.1,29.86,35.1,60.6,16.64,35.0,61.2,15.84,36.4,58.5,34.17,34.4,60.3,11.9,35.7,58.4,38.91,34.5,57.0,28.76,34.3,57.8,30.93,35.1,57.6,30.94,35.3,60.8,20.72,35.7,60.9,31.1,34.8,58.1,30.62,33.3,59.1,14.32,32.2,58.3,23.05,33.9,58.2,34.43,33.0,55.7,28.53,33.3,57.0,28.55,34.0,57.6,24.17,32.0,54.9,27.62,36.3,58.5,28.01,33.5,58.9,20.5,33.9,57.5,29.06,33.8,60.5,15.15,35.7,59.8,34.3,31.8,56.4,29.4,31.9,55.6,36.19,34.7,59.9,23.43,35.2,60.9,26.18,34.0,55.3,34.61,36.1,55.6,41.52,36.6,57.7,35.13,33.5,56.1,31.99,36.5,58.4,32.29,38.1,61.8,34.8,34.0,59.6,27.75,32.2,58.0,19.64,35.6,59.8,30.17,36.0,57.9,33.72,35.9,57.1,35.87,33.5,53.8,36.68,34.1,57.6,28.51,35.7,56.2,28.0,32.9,54.2,28.82,35.0,56.8,22.29,39.5,60.0,29.43,36.6,60.0,22.49,35.1,58.8,23.03,36.8,58.8,32.24,36.2,59.3,27.1,34.6,58.7,26.48,35.8,58.8,32.29,37.2,58.9,21.03,34.8,58.1,28.5,
IA1533,CLARINDA,40.72,-95.03,37.5,59.4,45.13,39.0,62.8,29.73,40.3,65.1,22.75,42.0,65.2,28.03,38.9,63.6,21.73,39.5,65.0,24.94,39.8,61.6,33.77,39.6,61.6,38.09,39.8,61.4,41.99,37.3,60.5,38.64,37.5,61.1,47.98,38.1,61.5,37.3,39.9,62.6,36.2,40.7,63.8,37.46,40.1,62.2,41.01,38.9,62.5,24.42,39.2,61.9,30.89,40.4,62.6,29.9,39.8,60.9,36.12,40.0,62.5,29.45,39.6,62.2,37.31,38.5,61.3,38.83,41.0,62.5,54.13,39.6,64.0,28.87,39.6,63.0,34.25,38.4,63.7,26.23,40.9,63.0,51.44,38.2,59.3,42.78,36.9,59.9,36.73,39.6,63.0,29.72,40.7,63.4,36.43,39.7,59.8,48.9,41.2,61.0,34.45,41.1,62.5,37.27,39.7,60.6,32.47,42.1,63.0,41.21,41.8,64.6,48.0,38.9,64.3,17.26,36.9,60.3,30.48,40.6,62.2,34.72,40.2,61.7,33.99,40.1,60.3,38.03,38.2,57.0,50.78,38.9,60.9,24.51,39.1,59.4,30.17,36.9,57.6,38.31,37.7,59.5,34.97,41.5,61.9,38.23,38.3,62.1,34.1,37.7,62.0,38.68,38.6,61.3,36.38,37.8,62.6,25.85,37.1,61.3,31.18,38.3,60.8,34.35,39.0,61.5,27.46,39.4,61.8,35.61,
IA1541,CLARION,42.73,-93.75,33.7,53.0,41.85,35.9,57.5,26.14,37.0,59.0,26.01,37.7,58.3,38.23,36.0,58.3,22.04,35.7,57.7,20.45,36.8,56.4,30.35,34.9,57.0,24.37,35.7,56.9,31.62,34.7,56.6,21.93,35.7,56.9,30.53,35.1,56.1,30.0,36.5,58.2,31.54,36.8,59.5,32.17,35.2,56.3,37.02,34.6,57.2,21.4,34.6,57.9,30.47,35.5,58.8,37.82,34.0,55.3,34.85,34.7,56.4,31.79,35.6,57.4,32.99,34.4,54.8,33.99,37.7,57.6,24.71,35.0,55.8,28.04,36.1,56.0,33.6,33.5,57.6,20.97,35.6,58.0,29.02,33.1,54.4,29.52,32.5,53.3,35.58,35.3,56.7,28.29,36.2,58.3,28.22,34.5,54.0,39.55,36.7,54.9,39.78,35.4,55.9,38.02,33.5,54.7,27.2,35.6,56.3,36.85,38.9,61.0,29.53,33.5,58.4,23.07,33.0,55.8,24.28,36.0,58.7,34.28,36.1,56.1,47.28,36.6,56.2,35.21,33.9,52.9,48.08,34.2,56.1,31.67,35.1,55.2,36.17,32.8,53.2,30.1,35.1,55.4,26.69,39.8,59.1,38.02,37.5,58.8,32.51,36.1,57.5,37.96,36.8,57.1,37.51,36.3,57.6,32.82,34.9,57.4,29.11,36.3,57.3,30.75,37.5,57.4,23.08,35.4,56.6,31.76,
IA1635,CLINTON-1,41.8,-90.27,38.2,57.0,46.84,40.5,61.2,29.43,41.7,61.7,31.62,42.1,61.3,37.36,40.8,61.0,28.53,40.7,61.1,28.49,41.0,59.8,34.96,38.3,58.7,27.56,38.5,59.3,40.04,38.8,58.3,43.07,39.5,58.7,52.59,37.9,57.5,26.08,36.9,59.8,26.03,39.0,60.5,36.47,40.0,59.4,45.24,38.2,59.2,28.63,38.6,58.4,37.74,39.6,60.3,31.06,38.0,58.6,34.1,39.0,59.0,39.51,40.0,61.2,32.4,38.6,58.3,43.47,42.7,61.1,52.09,40.3,59.9,40.99,40.3,60.5,28.74,37.5,60.6,27.8,40.1,60.8,39.46,37.9,59.1,31.42,38.0,58.6,37.44,40.1,60.3,30.67,40.7,61.6,36.93,39.0,59.1,36.3,40.5,60.4,30.23,39.5,60.6,32.74,38.0,58.9,35.09,41.8,60.3,33.9,43.3,62.9,30.42,39.6,61.9,19.46,38.8,59.2,28.41,42.2,61.6,48.28,41.6,61.2,35.63,40.4,58.9,37.19,40.3,57.2,47.29,40.0,60.0,31.79,40.5,59.2,37.68,38.6,57.3,38.24,39.9,58.5,30.33,44.4,62.2,43.27,41.1,61.7,33.12,40.6,60.2,37.27,42.0,60.8,34.56,41.5,61.2,28.54,39.6,60.2,27.6,41.2,60.2,35.68,41.1,61.4,11.5,39.9,59.9,35.45,
IA1731,COLUMBUS-JCT-2-SSW,41.25,-91.37,37.6,58.0,42.54,38.2,62.1,28.34,39.8,63.9,25.95,40.4,62.9,37.18,37.6,62.0,26.46,39.7,63.2,21.2,39.9,61.0,34.74,38.4,60.1,33.67,40.4,60.5,46.05,39.2,60.1,39.4,39.8,61.3,38.3,40.0,60.9,31.29,39.6,62.1,27.55,41.0,63.6,30.75,40.2,60.8,52.73,38.9,60.8,37.98,39.1,60.7,41.47,39.7,61.8,38.06,39.4,60.3,42.83,39.9,61.1,48.37,39.5,62.9,30.63,38.1,60.6,36.13,42.3,62.4,52.64,39.5,61.8,44.49,40.8,62.3,34.3,38.4,61.5,29.07,40.7,61.6,42.31,38.5,58.8,38.09,38.3,59.6,31.53,40.3,61.8,35.92,41.1,62.6,39.74,39.6,59.9,46.14,41.7,61.3,36.11,40.8,61.4,43.2,39.0,59.7,37.2,42.2,61.4,46.37,43.6,65.4,28.88,40.0,64.0,22.96,38.5,59.8,31.1,42.6,62.0,45.38,41.8,61.7,34.41,40.9,59.7,43.14,40.2,57.5,55.01,40.2,60.5,28.06,40.0,59.2,39.3,38.5,58.0,34.65,40.1,58.9,34.57,44.5,62.1,44.37,41.7,62.1,31.64,41.0,60.8,35.24,42.1,61.3,47.4,41.5,61.9,32.97,39.8,60.7,29.02,41.1,61.5,32.9,40.3,61.4,15.1,40.1,61.1,37.36,
IA1833,CORNING,41.0,-94.75,36.8,57.2,38.39,39.7,61.1,27.93,41.0,63.7,22.19,41.8,63.8,24.93,39.7,62.3,19.35,39.8,63.0,28.54,40.1,59.9,27.67,38.6,60.1,27.39,39.0,59.6,36.15,37.1,58.0,36.51,38.6,59.5,38.28,39.6,59.8,27.36,40.8,61.1,27.79,40.3,61.7,36.34,37.2,60.3,35.95,36.9,61.7,26.94,36.8,60.0,34.93,37.0,60.5,36.09,37.1,59.1,33.33,37.8,60.7,36.49,38.3,60.9,33.82,36.1,59.6,45.88,39.0,60.2,59.7,36.8,61.8,29.96,35.8,61.1,37.89,34.5,61.8,24.11,36.2,62.1,46.71,33.6,58.7,39.57,33.4,58.6,32.48,35.9,61.5,27.16,36.0,62.8,31.22,33.9,58.4,49.68,37.8,59.8,30.22,37.1,61.4,40.46,34.5,59.1,31.11,39.7,61.4,47.15,41.0,62.6,43.57,37.6,62.9,15.97,36.0,59.7,30.75,40.0,61.3,34.24,39.2,60.6,39.83,39.3,59.6,38.7,37.6,56.7,47.78,38.2,60.5,26.33,38.4,58.9,33.83,36.1,57.0,35.2,38.0,59.3,30.7,42.8,61.7,33.3,39.8,61.6,30.71,38.9,61.5,26.34,39.5,61.0,34.31,38.8,61.8,26.28,38.1,60.8,27.28,38.9,60.1,34.73,39.7,61.4,21.08,37.9,60.5,33.96,
IA1954,CRESCO-1-NE,43.38,-92.1,32.6,51.7,47.87,35.1,55.5,25.22,36.7,57.1,36.8,37.4,57.1,40.17,35.6,57.4,20.54,35.4,56.2,29.96,36.2,55.3,32.64,35.3,55.9,21.65,35.6,54.4,39.82,35.4,55.0,39.03,34.5,55.1,28.82,34.4,53.4,32.28,34.1,55.2,27.98,36.6,57.3,24.65,34.9,53.7,45.58,34.7,54.7,26.45,35.1,54.1,28.62,36.7,55.8,34.41,35.1,53.6,38.38,34.7,54.2,35.28,34.9,54.9,27.25,32.9,50.7,44.74,37.6,54.3,39.74,34.7,53.0,24.59,34.2,54.6,21.81,31.6,54.6,25.49,34.3,54.8,33.59,31.1,52.5,34.72,31.2,51.4,38.53,32.7,54.0,33.54,34.0,55.1,35.05,31.8,52.0,42.99,34.7,53.2,45.21,33.7,53.2,36.42,31.7,52.5,36.93,34.7,54.5,41.7,37.1,58.2,28.44,32.5,56.2,26.6,31.3,54.0,25.54,34.7,56.4,45.0,34.0,54.6,44.3,33.5,53.7,38.5,32.3,51.8,47.19,33.2,54.4,32.01,33.4,53.9,31.04,30.7,51.8,31.81,33.1,53.5,26.97,37.9,57.8,38.93,35.5,57.1,41.14,34.1,55.7,37.72,34.9,56.6,30.15,35.4,56.7,28.77,32.6,56.0,22.77,33.8,55.8,45.2,34.3,55.8,21.2,34.3,54.6,34.19,
IA2110,DECORAH-2-N,43.32,-91.78,32.7,53.6,45.0,35.3,58.1,27.35,36.6,59.0,37.29,36.8,58.7,30.22,34.7,58.8,21.77,34.2,57.9,29.53,36.0,57.0,31.64,34.0,57.7,19.3,34.8,56.5,36.92,35.2,56.8,35.83,35.3,57.2,33.55,35.4,55.7,34.98,34.9,57.8,22.97,36.6,59.6,27.03,35.5,56.1,39.97,34.3,57.3,22.2,34.9,56.8,23.67,36.8,58.0,41.13,34.8,55.8,33.29,35.3,56.5,37.1,35.0,56.2,29.07,34.3,52.4,40.11,38.9,55.7,39.61,36.5,54.4,33.19,36.4,54.6,30.58,34.2,55.6,25.68,36.8,55.8,33.14,34.3,54.1,33.29,34.2,53.0,30.07,36.5,55.5,31.44,37.6,56.8,30.33,35.8,53.6,34.88,38.6,55.5,40.94,37.8,56.5,29.66,35.1,54.7,31.74,37.4,57.4,33.72,39.6,61.4,29.32,34.2,59.4,22.94,34.2,57.7,21.24,38.0,60.1,38.27,36.6,58.1,40.36,36.1,56.4,34.41,35.1,54.5,48.44,35.4,57.4,29.64,36.3,57.1,32.96,33.3,54.9,33.46,36.0,56.5,35.42,40.8,61.0,37.37,37.6,60.4,34.92,36.6,58.4,38.57,37.8,59.4,29.31,38.1,59.8,32.04,35.3,58.9,22.2,37.0,59.0,46.49,37.2,59.3,21.38,35.9,56.8,32.66,
IA2171,DENISON,42.03,-95.33,35.3,54.8,45.58,37.5,58.4,30.68,38.7,60.9,25.54,38.6,60.7,29.59,37.2,60.2,20.61,37.2,60.6,23.63,38.1,58.2,36.69,36.8,58.8,21.58,37.5,58.2,33.44,36.1,56.8,29.2,37.0,57.7,32.86,37.4,58.0,30.51,38.6,59.9,29.62,38.3,60.0,36.4,37.6,58.1,39.14,36.6,58.7,19.28,37.2,59.5,25.23,37.7,59.3,35.6,36.9,56.6,29.12,37.6,58.5,23.85,38.5,58.7,27.66,36.7,56.3,37.06,40.2,58.9,39.72,38.7,59.6,23.06,37.7,58.4,28.85,37.6,61.5,15.0,39.6,60.4,34.98,35.7,55.1,29.81,35.7,55.9,25.65,38.5,59.3,16.8,39.1,60.6,26.73,36.5,55.3,38.51,37.5,55.9,34.17,39.5,58.5,34.15,37.8,57.6,22.2,41.1,60.3,36.78,43.4,63.3,33.94,39.3,61.2,26.62,37.3,58.4,23.37,40.2,60.2,39.24,39.5,58.3,36.57,39.5,58.1,30.24,37.4,53.9,45.08,38.2,57.4,27.47,38.8,57.5,25.41,35.5,54.1,39.06,37.3,57.3,23.34,41.4,59.6,39.75,39.2,59.6,30.37,38.2,59.4,21.24,39.1,59.0,31.22,38.2,59.2,28.88,37.5,58.6,27.23,37.9,59.0,29.52,39.0,59.4,19.28,38.0,58.5,30.25,
IA2364,DUBUQUE-LOCK-AND-DAM,42.53,-90.65,36.0,52.8,42.55,40.8,58.0,25.02,41.7,59.2,29.38,41.4,58.8,28.33,40.8,58.9,22.66,40.2,58.1,24.63,40.8,57.4,31.39,39.5,56.9,23.34,39.8,56.9,40.73,39.1,56.9,32.08,39.7,57.3,38.21,38.4,56.4,31.08,39.6,58.1,20.3,41.8,59.3,23.16,40.1,57.3,38.61,38.3,57.5,25.3,38.5,57.1,32.51,41.2,58.7,29.29,40.4,57.2,35.93,40.9,57.9,34.55,40.9,58.5,31.87,39.2,55.9,46.39,43.5,59.3,40.08,41.0,57.5,35.82,41.7,57.7,27.31,38.7,58.6,20.44,40.1,58.2,33.56,37.1,56.8,31.36,38.0,54.4,28.93,39.4,58.2,35.06,40.3,59.6,38.64,39.0,57.5,36.45,41.5,58.6,30.87,40.6,59.5,34.28,38.9,57.9,34.59,41.5,59.3,44.21,44.5,61.8,32.53,41.0,61.2,20.16,39.6,58.5,23.1,42.4,61.1,36.28,42.0,60.2,39.72,41.6,58.2,31.04,40.9,56.6,46.37,39.0,57.4,36.32,39.5,57.1,30.77,37.3,55.0,32.18,39.3,56.3,33.72,44.2,60.6,41.19,41.2,59.7,35.84,39.5,58.1,32.31,41.2,59.6,36.76,41.2,59.3,39.72,38.9,58.0,34.32,40.3,58.2,34.83,39.8,59.1,17.26,40.2,58.0,32.69,
IA2689,EMMETSBURG,43.1,-94.68,33.9,52.4,40.0,36.6,57.4,27.27,37.5,58.7,30.42,38.0,57.9,33.35,35.5,58.4,18.57,35.2,58.1,22.86,36.7,57.2,24.73,36.0,58.3,15.17,35.9,56.9,35.94,35.3,56.1,26.46,35.9,55.9,35.41,35.9,55.7,35.38,35.9,58.5,25.24,35.4,58.5,39.08,35.0,55.4,33.67,34.3,56.8,21.04,34.8,57.2,24.82,35.5,57.8,36.63,34.3,54.8,41.24,35.0,56.5,28.06,36.3,57.1,38.01,34.5,53.9,28.03,38.7,58.0,35.58,36.7,58.2,22.29,36.2,56.9,32.36,35.1,60.0,19.45,37.4,59.3,28.54,34.4,56.4,22.28,33.6,55.1,29.09,36.3,59.2,21.61,36.5,59.7,20.3,34.5,55.6,34.88,36.3,55.8,37.86,36.0,56.7,32.7,33.5,56.1,31.71,37.8,57.9,38.54,40.7,61.9,27.11,36.5,59.8,22.44,35.4,57.6,16.81,38.2,60.1,28.49,38.3,57.3,40.31,38.0,56.5,35.29,35.7,53.3,46.27,36.6,56.5,34.33,37.5,55.7,41.44,34.4,54.2,31.92,36.5,55.8,34.02,39.0,58.5,37.2,36.9,58.3,26.88,36.0,57.3,28.97,38.3,58.3,30.35,37.9,58.5,24.51,36.4,58.1,25.61,37.5,58.1,34.83,38.5,57.8,19.24,36.1,57.1,30.4,
IA2724,ESTHERVILLE-2-N,43.42,-94.83,33.1,52.7,42.58,36.2,57.2,28.18,37.1,58.7,28.69,37.5,57.8,34.68,35.3,59.0,18.07,35.0,58.2,22.87,36.1,57.3,28.7,35.0,58.6,16.05,35.2,56.7,31.06,34.7,55.7,32.75,35.8,57.3,25.8,35.6,55.1,32.15,36.5,57.3,24.96,35.9,57.9,37.4,34.7,55.1,33.13,33.2,55.9,21.88,32.2,55.7,21.0,33.8,55.8,32.61,32.4,53.3,29.52,32.2,54.7,23.87,33.5,54.6,30.1,32.3,52.2,28.19,36.6,56.1,33.97,33.8,55.6,22.48,34.5,55.0,34.98,33.2,56.8,15.64,34.9,55.7,32.18,32.6,53.8,27.5,31.3,51.6,22.07,33.4,54.1,20.37,35.2,57.5,25.59,33.3,52.8,32.6,35.3,53.3,26.51,34.9,54.7,30.6,32.4,53.6,26.4,35.4,56.3,31.39,37.9,60.0,30.98,33.9,58.1,18.54,32.3,55.3,18.56,34.8,57.8,25.95,35.1,55.1,37.15,34.6,54.3,29.02,32.8,51.5,48.28,34.0,55.1,30.32,34.8,53.9,31.58,31.3,51.6,25.65,33.8,54.4,20.34,37.9,58.0,31.86,35.7,58.0,30.92,34.3,56.3,29.66,36.0,57.1,31.91,35.2,57.0,24.72,33.4,56.5,23.16,34.7,56.5,37.31,35.7,56.4,23.16,34.5,55.7,28.38,
IA2789,FAIRFIELD,41.03,-91.95,38.5,58.1,43.66,40.3,62.9,33.68,41.6,64.7,21.09,42.0,64.0,33.22,40.6,62.9,26.54,41.4,64.5,18.71,41.7,61.9,36.27,40.2,60.9,31.03,41.5,61.0,44.77,40.0,60.8,39.72,40.6,61.8,42.41,40.7,61.4,30.89,40.8,62.4,28.03,41.3,62.1,31.11,39.0,60.6,46.97,38.3,60.1,25.88,39.6,59.5,37.65,40.0,60.6,27.1,39.3,58.7,39.8,40.2,59.8,42.52,40.2,60.9,31.72,38.7,58.6,30.86,42.4,60.9,51.69,40.4,59.8,34.97,40.6,60.5,24.22,38.1,60.9,31.53,41.8,62.2,36.75,39.3,59.6,42.43,39.0,59.4,34.62,40.6,61.6,38.64,41.5,63.4,41.67,39.2,60.5,42.43,41.3,62.3,33.16,41.2,63.0,44.05,38.9,60.3,35.3,43.2,61.9,47.1,44.1,65.0,27.64,40.4,64.3,19.56,39.3,61.1,32.05,43.5,63.4,40.06,42.6,63.2,32.15,42.0,61.3,37.57,41.2,58.8,52.7,40.7,61.8,27.9,40.6,60.1,39.27,39.0,58.8,34.13,40.7,59.8,35.95,45.0,62.6,50.45,42.6,63.6,32.42,42.0,62.3,32.97,43.4,62.9,46.32,42.8,64.2,31.92,41.3,62.6,30.74,42.4,62.4,35.93,41.8,63.3,17.6,40.8,61.4,35.77,
IA2864,FAYETTE,42.83,-91.8,32.8,53.5,44.0,35.2,58.0,29.09,36.3,58.6,29.59,36.8,58.0,33.3,35.0,57.6,24.26,34.7,57.2,28.88,36.0,56.1,26.57,34.1,56.3,25.03,35.4,55.5,44.06,34.5,55.5,33.85,35.1,55.8,43.05,34.8,55.1,37.31,34.8,56.9,26.93,36.3,58.8,20.81,35.4,55.2,39.34,33.9,56.7,25.31,34.7,56.1,25.73,36.5,57.6,41.01,35.5,55.5,33.67,35.3,56.0,35.37,34.5,56.5,31.72,33.6,54.2,37.67,38.0,57.5,38.25,35.5,56.4,32.93,35.6,57.4,25.06,32.8,58.5,28.27,35.5,58.6,36.11,33.3,56.0,35.86,33.5,55.4,40.78,35.0,57.9,34.17,35.8,58.8,42.73,34.7,55.8,41.09,36.7,57.1,40.12,35.8,58.1,32.85,33.9,56.4,37.08,37.3,57.1,39.81,39.7,60.6,35.3,35.0,59.4,22.02,34.7,56.7,28.47,38.2,59.2,37.67,34.9,56.1,42.91,33.8,54.3,32.44,32.6,52.5,44.58,32.6,55.1,34.13,33.3,54.7,30.33,30.9,52.4,34.99,33.5,54.0,38.63,37.9,58.1,43.7,35.2,57.5,41.42,34.2,56.2,38.07,35.2,56.9,41.05,35.2,57.4,28.5,32.6,56.6,31.09,34.7,56.7,45.73,36.3,56.7,21.82,35.0,56.5,34.66,
IA2977,FOREST-CITY,43.28,-93.63,30.6,52.2,40.29,34.9,56.6,20.07,36.7,58.3,26.83,37.7,57.5,35.1,35.7,57.7,22.89,35.1,56.8,28.62,36.4,56.2,29.68,35.5,57.4,16.61,35.7,56.0,44.59,35.0,56.3,19.49,35.6,55.8,38.33,35.3,55.4,34.24,35.5,57.6,34.0,35.7,58.8,35.1,34.2,55.1,35.52,34.2,55.9,21.02,34.7,56.3,22.6,35.0,57.3,26.19,33.2,54.4,26.82,31.8,54.4,29.48,34.4,56.1,21.66,34.2,53.4,34.38,38.2,57.1,41.22,36.0,56.2,23.75,36.4,56.2,33.81,34.9,58.2,21.21,36.7,58.1,29.26,34.0,54.7,32.2,33.1,53.4,46.22,35.9,57.1,29.72,37.0,57.8,36.81,35.6,54.0,33.95,36.8,55.1,4.85,36.2,55.7,25.0,33.3,53.2,28.7,36.6,55.4,29.67,39.1,59.6,24.34,34.7,56.6,26.4,33.2,54.9,16.57,36.8,57.3,38.43,36.6,54.7,42.06,35.9,54.2,34.55,34.4,51.8,42.0,36.2,55.5,32.68,36.9,55.2,31.83,33.8,53.1,28.7,36.0,55.3,29.33,39.1,58.2,37.46,37.0,57.3,38.27,35.4,55.7,36.01,36.3,56.0,30.99,36.1,56.5,36.62,35.8,56.7,25.29,36.6,56.2,42.17,37.7,56.1,24.79,35.4,55.9,30.38,
IA2999,FORT-DODGE,42.5,-94.2,35.1,54.8,39.95,37.7,59.4,28.0,38.4,60.8,25.9,39.3,59.9,42.96,37.1,59.9,24.33,37.1,59.6,22.45,38.1,57.9,33.18,36.7,58.4,26.83,37.3,57.9,33.28,36.1,57.2,28.19,36.7,57.4,38.14,36.5,57.4,28.34,37.6,59.6,27.87,38.1,60.2,33.55,36.4,57.5,43.72,35.7,58.5,24.07,36.3,58.5,29.03,37.2,59.1,30.78,35.8,56.2,43.36,36.4,57.5,28.09,37.5,58.3,28.09,35.8,55.5,39.35,38.9,58.5,44.85,35.2,57.9,29.07,35.4,57.1,36.03,34.0,59.1,23.18,36.8,59.7,37.53,33.8,55.9,33.55,35.1,56.9,34.89,38.2,61.1,25.01,39.0,62.4,28.23,36.9,57.6,40.62,38.7,58.4,37.33,37.3,59.0,41.02,34.1,57.5,32.62,39.4,59.7,42.98,41.4,63.2,32.94,37.3,60.7,26.84,35.5,57.5,29.94,38.0,60.2,42.39,36.8,57.1,45.45,37.1,57.1,36.93,35.2,53.7,47.27,35.5,57.3,31.1,36.2,55.9,32.12,33.5,53.9,36.64,35.9,56.5,21.9,40.0,59.4,33.63,37.7,59.3,31.97,36.6,58.3,29.84,37.8,57.9,36.5,37.1,58.4,29.3,36.1,57.4,31.14,37.0,57.4,36.0,37.9,58.1,26.03,36.8,58.2,33.38,
IA3007,FORT-MADISON,40.61,-91.33,40.0,59.3,0.0,42.0,64.0,4.9,44.0,65.7,24.42,43.4,65.5,33.84,41.9,64.1,17.21,42.3,64.6,24.03,42.7,62.4,40.32,41.5,61.3,30.27,42.4,61.6,43.74,41.2,60.4,37.43,41.9,62.0,45.68,41.4,62.0,33.12,41.7,62.4,28.74,42.3,63.9,35.26,41.3,62.5,43.81,39.9,61.9,32.28,41.3,61.1,47.96,42.2,62.2,33.58,40.7,60.7,39.28,42.3,61.6,60.11,40.8,63.3,31.22,38.2,60.6,34.69,41.9,62.3,33.34,40.6,61.2,41.2,40.7,62.4,24.07,39.1,61.1,27.24,40.0,61.7,42.89,37.5,59.2,30.96,39.0,59.4,29.32,39.9,61.7,35.99,40.5,62.1,45.7,39.1,59.8,44.46,42.5,61.4,37.76,40.7,60.8,42.65,39.1,59.5,42.85,44.8,61.3,42.09,46.7,64.1,27.2,43.4,63.3,20.79,42.1,60.4,24.5,45.4,62.8,44.74,45.3,62.5,36.7,44.1,60.7,41.58,43.4,58.4,54.23,43.9,61.5,31.33,43.4,60.3,42.63,41.8,59.0,38.13,43.4,59.9,41.08,47.9,63.1,55.35,45.5,63.2,32.35,44.4,61.7,32.69,45.4,62.6,45.12,45.4,62.7,35.51,43.5,61.6,37.08,44.6,61.7,38.1,45.1,63.3,16.34,42.1,61.7,35.57,
IA3290,GLENWOOD,41.0,-95.77,37.2,58.5,44.56,39.2,63.0,33.73,41.3,65.4,22.92,43.3,64.8,34.81,39.8,65.4,18.22,40.7,65.3,22.22,40.6,61.6,11.6,38.9,62.2,24.02,38.2,61.5,40.42,36.7,60.8,31.99,39.3,60.9,37.02,40.6,60.8,29.11,41.3,63.0,25.14,40.9,63.2,37.63,39.6,61.5,47.23,38.4,62.0,19.9,39.7,62.4,37.83,40.6,62.5,32.89,39.9,60.5,34.87,40.8,62.7,33.43,41.5,62.3,33.49,39.5,62.1,34.64,41.7,63.0,42.54,40.1,65.0,21.99,39.5,63.4,29.09,37.6,65.7,19.97,40.5,65.1,34.4,36.6,60.7,38.65,37.2,61.3,34.62,39.6,64.5,26.34,40.6,65.6,26.35,38.8,61.2,40.06,39.4,62.1,33.57,38.9,61.9,39.6,37.2,59.7,25.22,40.8,62.5,42.21,41.8,64.4,39.7,38.2,64.5,17.97,36.6,61.8,31.58,40.5,63.3,32.88,39.9,62.7,32.27,39.9,61.4,34.0,38.5,58.0,52.86,39.0,62.6,29.38,38.9,61.1,28.02,36.8,58.9,34.68,38.4,61.0,32.91,42.8,63.3,48.92,40.1,63.7,34.44,39.4,63.7,30.2,40.6,63.4,28.17,39.4,63.9,25.8,38.5,62.8,24.22,39.3,62.9,28.81,39.9,63.6,20.88,39.5,62.5,32.37,
IA3438,GREENFIELD,41.3,-94.47,36.9,56.6,40.99,39.4,60.7,33.84,40.8,63.0,19.46,41.0,62.9,30.02,38.8,61.2,19.74,38.6,62.3,19.4,39.2,59.9,29.09,38.3,59.9,28.96,38.8,59.4,36.62,37.4,58.5,33.82,37.8,58.7,40.23,38.7,59.3,26.29,39.5,61.6,31.79,39.7,62.2,42.2,38.8,60.2,40.33,37.1,61.0,18.62,37.7,61.9,28.98,38.5,62.0,28.86,38.6,59.7,36.01,39.5,61.1,27.43,39.9,60.9,32.1,38.2,59.3,44.48,41.6,60.7,54.59,40.4,61.9,28.62,39.9,61.3,29.96,38.5,62.6,30.19,40.6,63.0,36.48,38.0,59.0,30.91,37.2,59.5,28.5,39.5,62.5,33.83,39.6,63.1,30.53,38.8,59.2,50.67,40.6,60.2,34.21,40.1,61.4,40.99,37.9,59.7,29.67,41.6,62.4,48.8,42.9,64.1,40.02,39.6,64.2,19.63,38.2,60.7,29.31,41.5,62.7,32.51,40.8,61.5,39.93,40.6,60.5,41.62,39.1,57.3,46.92,39.6,61.4,28.55,39.9,60.1,31.36,37.6,58.5,33.93,39.8,60.4,25.17,43.8,62.5,38.51,41.7,63.4,31.63,40.6,63.2,23.5,41.6,62.1,33.74,40.9,63.4,24.06,39.9,61.9,32.9,40.8,61.6,36.72,40.8,62.2,18.73,39.5,61.0,33.21,
IA3473,GRINNELL-3-SW,41.72,-92.73,34.8,56.6,43.17,38.5,60.7,32.55,40.3,62.2,25.65,40.3,61.9,35.42,38.6,61.4,25.48,38.5,61.7,23.57,39.3,59.6,37.32,38.3,59.6,30.0,38.9,58.8,40.7,37.4,58.4,35.98,38.5,58.9,40.21,37.7,58.4,26.96,38.2,59.8,23.86,37.6,60.5,31.25,34.8,57.7,49.43,32.9,58.1,30.2,34.1,57.8,33.08,34.9,58.9,22.61,34.7,56.3,40.83,35.2,57.5,45.41,35.0,58.1,33.01,33.7,55.4,43.19,37.8,58.4,41.33,35.4,57.6,45.27,35.7,58.1,34.06,32.7,58.9,25.65,35.9,59.4,39.19,33.2,55.8,44.34,32.7,55.7,37.61,34.9,58.8,25.82,36.0,60.3,31.38,34.7,56.5,45.73,36.9,57.9,42.36,35.9,58.3,41.12,33.5,56.8,29.73,37.4,58.0,45.36,39.3,62.1,31.73,35.0,61.0,17.17,33.6,57.9,24.93,37.7,59.9,40.05,36.9,59.1,42.97,36.3,57.6,38.39,35.7,55.4,54.06,34.5,58.7,27.07,35.5,57.5,32.19,33.7,55.2,34.76,35.8,56.7,31.86,40.1,59.8,41.17,37.0,59.9,29.82,36.6,58.9,29.05,37.1,58.8,30.87,36.9,59.8,28.04,35.4,58.4,33.86,36.8,58.4,33.17,37.7,58.9,21.19,36.2,58.6,35.01,
IA3487,GRUNDY-CENTER,42.37,-92.78,34.4,53.5,39.78,37.3,58.1,23.08,38.1,59.4,29.02,38.8,59.0,37.83,37.3,59.0,21.36,36.7,58.4,25.61,37.8,56.9,35.09,36.1,57.1,31.59,35.5,56.2,29.81,33.4,55.7,33.19,35.0,56.4,28.31,34.1,56.6,26.3,33.9,58.7,25.74,34.5,59.8,30.04,32.9,57.0,44.02,31.6,57.9,31.92,35.6,57.9,27.55,35.8,58.5,34.69,34.6,55.1,42.34,35.4,56.3,32.66,35.5,56.8,28.52,34.1,54.2,40.81,38.7,57.1,39.66,35.9,56.1,35.05,35.8,56.5,26.07,34.0,57.4,28.57,36.5,57.9,32.84,34.2,54.7,35.74,33.9,54.1,35.09,36.3,57.0,27.51,36.9,58.4,27.79,35.3,54.5,42.26,37.7,55.8,40.91,36.3,56.5,36.59,34.4,55.0,30.69,37.0,56.5,38.15,39.3,60.6,33.64,34.9,59.4,18.95,33.9,56.4,21.4,38.1,58.9,48.82,37.2,57.3,46.36,36.6,56.2,33.35,35.2,53.7,48.38,35.2,56.7,32.72,36.1,56.1,31.94,33.6,54.2,26.23,35.7,56.1,25.72,40.6,59.5,42.41,38.2,59.7,28.27,36.9,58.3,39.45,37.6,58.5,30.18,37.0,59.1,28.13,35.4,58.0,29.49,36.6,57.9,33.13,37.9,57.9,21.79,35.9,57.0,33.03,
IA3509,GUTHRIE-CENTER,41.68,-94.5,36.7,55.4,37.99,39.1,59.3,34.3,40.4,61.4,24.49,40.6,64.9,30.56,38.7,63.5,20.81,38.9,64.0,29.04,39.3,61.5,32.03,38.1,61.7,29.76,38.9,61.1,30.97,37.1,59.9,36.03,37.6,60.1,40.43,37.8,60.1,26.93,38.9,61.3,12.47,38.8,62.8,35.29,37.6,60.4,8.02,37.0,60.5,16.98,37.7,61.5,17.29,37.5,60.9,13.57,36.1,57.7,36.52,36.5,59.1,31.68,36.4,59.7,35.16,34.1,57.2,45.36,37.9,59.6,47.2,37.4,60.1,27.9,36.1,59.8,35.11,34.9,61.0,21.83,38.3,61.3,40.09,35.4,57.8,32.82,34.7,57.5,33.59,37.7,60.6,23.61,38.2,62.0,30.28,35.9,57.1,42.86,37.2,57.8,39.98,36.4,58.5,40.23,34.9,56.7,27.76,38.9,60.3,48.61,40.0,62.9,36.12,35.5,62.6,20.34,33.9,58.9,27.2,38.0,61.1,34.84,37.6,59.6,40.36,37.7,59.3,38.09,36.8,55.9,46.9,36.0,59.8,26.79,36.8,58.1,31.69,34.3,55.8,38.43,36.2,58.5,27.01,40.6,61.0,42.77,37.5,61.0,35.74,36.7,60.8,26.15,37.9,60.7,28.0,37.3,61.1,31.74,36.1,59.9,27.69,36.9,59.5,36.73,37.8,60.3,26.63,37.3,60.0,31.73,
IA3517,GUTTENBERG-L-AND-D-10,42.78,-91.1,37.2,54.8,42.05,39.8,59.1,30.07,40.7,60.2,30.96,40.6,59.5,31.51,39.3,59.4,22.86,39.3,59.1,27.99,40.5,58.0,31.29,38.4,58.1,22.2,36.7,57.0,37.88,34.6,56.1,28.2,38.3,57.3,39.75,38.8,56.5,33.63,38.0,58.4,21.71,39.5,59.6,22.79,38.6,57.1,34.73,37.6,57.4,25.41,38.0,56.9,29.21,40.0,58.4,36.56,38.3,56.6,27.16,38.7,57.6,35.85,37.5,58.2,33.14,35.4,55.5,39.85,41.2,59.1,36.99,38.6,58.4,36.09,38.5,58.6,27.23,36.6,59.1,25.18,38.6,59.4,32.89,36.5,56.8,32.74,36.7,56.4,31.23,38.9,58.6,27.78,39.4,59.7,33.04,37.5,56.9,32.76,40.0,57.9,33.11,39.1,58.9,32.58,37.5,57.3,29.98,40.1,58.2,34.05,43.3,61.1,32.94,39.5,60.0,19.09,37.9,56.4,25.73,41.0,59.0,37.48,40.1,57.8,40.63,39.9,56.2,30.15,39.1,55.1,41.09,39.3,57.3,30.84,39.8,56.9,27.25,37.3,55.3,28.88,39.7,57.0,30.6,44.1,61.0,42.78,41.5,60.3,39.14,39.9,58.4,31.68,41.3,59.3,38.2,41.7,59.6,31.44,39.3,58.6,30.66,40.7,58.6,37.84,40.4,59.2,17.37,39.0,58.0,31.9,
IA3584,HAMPTON-2-NW,42.75,-93.2,33.9,52.9,45.13,35.5,57.7,24.64,36.4,59.1,27.2,37.9,58.9,30.87,35.8,58.9,22.04,35.4,57.9,24.58,36.7,56.4,31.76,35.5,56.7,22.1,35.7,55.7,39.83,34.9,55.5,32.52,35.5,56.1,30.16,35.0,55.6,35.93,35.9,57.9,31.16,37.3,58.6,35.1,35.0,55.8,47.39,34.4,56.4,29.62,35.5,56.5,34.81,36.5,57.5,43.06,34.4,54.6,45.07,35.2,56.0,33.52,36.1,56.4,32.87,34.4,54.0,39.72,38.7,57.2,43.51,36.6,56.8,36.79,37.3,57.1,20.63,35.7,58.7,25.47,38.0,58.8,31.08,35.7,55.2,31.18,34.9,54.4,35.75,37.6,58.0,32.35,39.0,58.9,32.98,36.6,54.9,37.21,38.2,55.7,24.96,36.6,56.7,15.5,34.0,54.5,31.83,37.2,56.1,36.69,39.5,60.4,31.04,35.2,58.5,27.99,33.6,56.2,20.0,37.2,58.6,45.11,36.7,56.5,44.44,35.9,55.5,34.85,34.8,52.9,46.27,35.1,55.7,35.04,35.4,54.9,30.77,32.9,52.8,30.81,35.3,54.9,25.59,39.6,58.5,34.66,37.2,58.3,34.23,35.9,57.7,34.64,36.7,57.5,38.71,36.4,58.3,32.55,34.9,57.7,29.53,36.1,57.3,31.42,37.1,57.5,27.22,36.0,56.6,33.12,
IA3632,HARLAN,41.65,-95.32,36.7,56.8,38.92,38.6,60.9,41.74,40.2,63.7,22.07,40.6,63.4,27.64,38.5,62.6,22.73,38.9,63.1,29.01,39.6,60.6,32.81,38.3,60.8,31.47,38.8,60.4,34.69,37.2,59.0,31.66,37.5,59.8,40.43,38.0,60.2,34.22,37.8,61.6,23.81,38.0,61.7,39.28,36.9,60.0,37.91,35.9,60.3,20.21,36.1,60.6,29.53,36.5,61.3,26.86,36.6,58.9,30.1,36.9,60.7,25.59,37.7,60.4,30.43,36.8,58.3,47.3,39.8,59.9,47.29,38.1,60.7,27.81,38.0,59.4,34.93,37.0,61.1,21.72,39.5,61.1,36.11,36.3,57.1,34.02,36.1,57.4,34.79,38.7,61.1,26.75,39.3,61.8,26.54,37.8,57.5,40.07,39.5,58.0,30.63,39.3,58.9,39.81,37.2,57.8,30.37,40.8,60.8,45.59,42.0,63.4,31.19,38.6,63.3,19.2,37.4,59.8,33.87,40.3,61.9,30.2,39.9,60.1,35.28,39.9,59.6,35.64,38.0,56.5,38.96,38.5,60.6,32.39,39.2,59.4,31.87,37.1,57.6,38.99,38.9,59.6,27.17,42.7,62.1,40.74,38.4,60.4,31.47,37.4,60.4,21.13,38.5,60.4,33.15,37.4,60.4,26.25,36.7,59.8,26.0,37.3,59.5,37.17,38.3,60.5,19.13,38.3,60.2,32.48,
IA3718,HAWARDEN,43.0,-96.48,34.1,55.4,39.21,36.3,59.5,23.05,37.8,60.7,33.92,38.2,60.2,26.53,36.4,61.1,16.31,36.2,61.1,15.96,37.6,59.0,28.63,36.1,61.1,14.54,36.7,59.1,29.25,35.3,57.4,29.39,35.6,59.1,23.84,36.5,58.2,34.16,37.8,61.5,17.3,36.8,60.8,25.24,35.9,58.3,37.01,35.2,58.8,24.9,35.8,60.0,19.12,36.3,61.0,27.26,34.3,56.9,30.14,35.7,58.2,28.57,36.1,58.9,23.19,34.6,56.2,31.5,38.4,59.7,22.26,36.5,60.2,19.43,36.5,57.7,25.29,35.9,60.8,13.85,37.8,60.4,27.22,34.1,56.7,26.73,33.9,56.2,33.86,36.6,60.2,21.67,37.9,61.3,21.62,36.2,56.8,29.4,38.1,56.6,40.06,37.7,57.6,36.52,35.4,56.8,36.2,38.7,59.9,28.52,39.2,63.4,24.86,36.3,61.4,23.27,34.1,59.4,17.51,37.2,61.8,21.56,37.6,60.2,24.76,37.2,58.3,35.36,34.2,54.4,32.11,33.8,56.9,21.42,35.2,55.4,32.95,31.9,53.4,26.84,34.1,56.1,21.43,38.2,59.6,27.97,36.3,59.9,28.61,35.1,58.5,24.71,36.2,58.7,30.88,35.3,59.1,20.39,34.5,58.4,27.64,35.2,58.6,28.09,36.1,58.7,22.25,36.1,58.8,26.59,
IA3980,HUMBOLDT-2,42.68,-94.2,34.8,53.7,38.77,37.5,58.1,27.36,38.4,59.7,29.21,38.8,58.7,36.93,37.0,59.6,20.24,35.6,59.6,21.36,36.9,58.1,29.65,35.5,58.8,23.12,36.6,57.9,31.12,35.9,58.1,24.12,36.6,58.1,31.24,36.2,57.7,33.35,36.7,59.8,34.6,36.6,59.2,37.85,35.3,56.5,38.64,33.8,57.2,21.0,34.4,57.6,26.01,36.2,58.3,34.14,34.9,55.5,30.12,35.3,56.6,24.4,35.9,57.4,29.26,34.6,54.7,37.11,38.8,57.9,39.6,37.1,57.4,25.29,37.4,58.0,31.13,35.5,59.4,20.99,37.2,59.3,30.59,33.4,55.7,28.58,33.4,54.7,35.58,35.6,58.6,23.62,36.1,59.5,27.78,33.7,54.6,41.78,36.2,55.7,39.51,37.3,57.2,39.12,35.4,56.4,27.02,38.0,58.2,40.96,40.3,61.9,23.7,36.3,59.7,25.94,35.3,57.1,22.47,38.0,59.9,30.0,38.0,57.0,42.99,38.0,56.8,35.96,35.9,53.3,45.51,36.2,56.8,30.75,37.2,55.7,32.35,34.6,54.3,29.98,38.3,66.8,9.23,40.0,57.7,34.58,38.0,57.4,31.58,36.9,56.2,33.97,37.9,56.3,32.68,37.4,56.8,27.26,36.0,56.1,30.87,37.2,56.1,30.99,38.2,56.5,24.34,36.4,57.4,31.13,
IA4038,IDA-GROVE,42.35,-95.48,34.2,56.4,51.29,36.4,61.3,29.67,37.9,63.6,26.27,38.5,62.5,36.69,36.0,61.2,17.42,36.3,61.3,17.04,36.7,58.7,28.72,34.7,59.4,20.24,36.3,58.5,33.97,35.0,57.2,25.28,35.5,58.0,27.09,35.2,57.8,43.37,35.5,59.6,27.03,34.7,59.7,34.97,34.4,57.7,35.22,34.5,58.3,22.42,35.4,59.3,29.39,36.2,59.7,36.49,35.0,57.0,28.23,36.0,58.9,27.72,36.8,59.1,27.53,35.3,56.5,34.54,39.0,59.5,31.06,37.2,60.2,22.61,36.9,58.9,35.75,35.7,61.9,14.14,38.2,61.2,34.53,35.0,57.8,32.11,34.7,57.7,31.57,37.4,62.0,23.78,37.7,63.4,22.49,35.9,56.7,38.15,37.1,56.8,33.73,36.4,59.6,39.92,34.7,59.0,28.0,38.0,61.0,39.22,40.2,63.1,24.34,36.8,61.5,13.68,34.5,57.8,19.21,37.5,59.5,35.08,37.4,57.6,36.96,37.2,57.2,33.86,34.6,53.7,33.79,36.0,57.5,27.66,36.7,56.4,29.62,33.8,54.2,33.72,36.2,56.6,27.19,40.6,59.3,34.91,38.4,59.3,27.68,37.1,58.6,23.48,38.4,58.2,31.87,37.4,58.6,31.36,36.8,58.1,25.5,37.2,58.5,35.01,38.3,59.2,20.07,36.3,58.9,29.82,
IA4049,INDEPENDENCE-2-W,42.48,-91.82,33.9,54.5,33.49,37.9,58.8,24.01,38.0,60.1,26.36,38.0,61.1,33.34,37.6,60.1,21.83,36.4,58.4,27.67,38.0,58.2,19.37,35.9,58.3,21.88,36.9,57.9,34.56,36.0,58.1,39.9,36.2,58.5,36.6,34.6,57.6,28.38,35.5,59.3,29.66,36.9,59.9,28.51,35.3,56.1,39.01,34.0,56.4,32.98,34.3,56.3,33.86,36.2,57.4,38.28,35.3,55.7,31.1,35.3,56.8,36.31,35.5,57.0,27.06,33.5,54.7,38.19,38.2,58.0,34.79,34.5,56.5,35.91,33.0,56.0,27.14,30.8,56.4,22.25,34.3,57.6,36.2,31.5,55.4,31.19,31.6,54.9,35.26,34.6,57.4,35.92,36.4,58.4,44.2,35.6,55.3,38.67,37.6,56.5,35.43,35.8,56.8,39.09,32.8,54.9,31.18,37.7,56.5,39.27,40.5,60.4,33.66,36.6,59.5,22.0,35.8,56.8,23.82,39.5,58.9,41.51,38.3,57.9,40.82,37.8,56.6,28.64,37.2,54.6,48.5,37.4,57.3,37.67,37.6,57.0,27.79,35.5,54.9,33.35,38.2,56.8,29.68,42.9,60.6,45.64,40.2,60.3,41.62,39.3,58.8,33.07,39.6,58.8,38.22,36.6,58.3,32.38,33.9,57.5,32.65,35.7,57.4,38.8,37.1,58.7,21.1,36.3,57.4,33.24,
IA4063,INDIANOLA-2-SSW,41.37,-93.55,36.7,58.4,45.92,39.5,62.4,33.96,41.1,64.3,24.65,42.2,64.4,34.94,40.1,63.2,24.43,40.3,64.0,21.65,40.4,61.2,29.31,39.4,61.1,25.54,40.2,59.9,38.18,38.7,59.2,35.6,39.7,59.8,41.34,39.7,59.5,30.59,40.7,61.2,29.36,40.9,62.3,29.43,35.7,61.5,36.85,36.4,62.1,25.23,38.0,62.4,26.2,38.5,62.8,29.36,38.8,60.5,38.57,39.2,62.3,37.0,39.3,62.7,29.13,38.4,60.7,40.8,41.8,62.6,54.22,40.0,62.3,36.34,39.4,62.1,28.79,37.6,63.1,25.82,39.4,63.4,40.4,37.1,59.7,39.28,35.2,59.9,27.17,38.2,62.8,32.46,38.2,63.4,30.81,35.7,59.2,45.83,39.6,60.7,22.9,38.1,61.4,36.85,35.7,59.8,35.21,42.6,62.3,36.61,42.7,64.6,20.93,39.2,63.6,15.89,37.9,60.1,26.85,41.5,61.9,41.85,41.1,62.0,36.12,41.3,61.0,35.74,39.8,57.7,54.58,38.9,60.4,23.17,37.8,58.3,31.11,35.6,56.1,35.98,37.8,58.2,33.37,41.9,61.2,37.03,39.1,61.1,31.5,38.4,60.4,28.97,39.0,60.2,37.73,38.7,61.4,28.67,37.8,60.7,35.84,39.0,60.3,37.29,39.8,60.9,21.39,39.1,61.3,33.18,
IA4101,IOWA-CITY,41.65,-91.53,35.7,57.2,31.22,38.0,62.0,31.93,39.4,63.4,23.9,40.5,63.1,29.79,38.8,62.3,22.06,38.9,62.7,25.5,39.9,61.6,26.12,37.6,60.1,28.17,38.9,60.1,43.59,38.0,59.5,40.14,38.0,60.6,40.16,36.9,59.6,36.05,36.8,61.0,25.45,39.0,62.6,25.66,39.1,60.7,45.86,37.6,61.0,31.11,38.6,60.9,36.7,40.0,62.2,28.82,39.4,60.0,40.28,40.6,61.0,41.45,40.7,61.9,32.17,39.3,59.3,44.13,43.2,62.0,45.04,41.1,60.9,45.56,41.8,61.6,22.45,38.6,61.9,29.2,41.3,62.2,40.15,39.3,58.8,46.44,39.2,59.5,33.67,41.3,62.1,32.45,41.8,63.1,37.22,40.2,60.1,38.28,42.1,61.4,33.63,41.2,61.6,40.69,39.4,60.0,36.49,42.4,61.6,47.29,43.9,65.3,33.35,40.3,64.2,22.47,39.8,61.2,26.38,43.4,63.0,47.05,43.1,62.8,32.33,42.4,60.8,43.55,41.7,58.5,63.19,41.9,61.7,29.05,42.0,60.7,32.79,40.1,59.0,31.55,41.9,60.1,31.46,46.3,63.3,47.55,43.8,63.3,31.48,42.8,61.9,37.39,43.8,62.2,37.72,42.4,63.3,36.54,39.0,62.2,26.71,41.4,62.6,37.01,41.7,63.6,14.29,40.4,61.3,35.42,
IA4142,IOWA-FALLS,42.53,-93.27,33.9,54.0,38.73,36.7,58.6,25.22,37.9,60.1,26.58,38.8,59.9,28.74,37.1,59.7,22.83,36.4,59.7,24.42,36.8,58.4,29.82,34.8,58.6,21.29,35.5,57.8,36.72,33.6,57.7,32.23,34.9,57.9,34.55,35.8,57.0,26.32,35.1,58.4,28.15,37.0,59.7,34.94,34.8,56.5,46.1,33.5,57.7,23.9,35.3,57.8,28.71,36.1,58.6,34.73,34.9,56.4,37.64,36.5,57.5,27.49,36.7,58.2,30.56,35.3,55.4,44.93,39.7,58.5,41.23,37.5,57.8,34.33,37.0,57.9,30.11,34.6,59.4,24.65,37.1,59.7,31.04,35.2,56.7,30.97,34.9,55.9,32.8,37.3,59.5,19.91,38.1,60.5,30.43,36.5,56.7,43.22,38.7,57.6,42.42,38.0,58.0,17.33,35.6,57.0,22.97,38.7,58.2,40.42,41.1,62.6,31.69,36.7,61.2,19.9,35.8,58.3,24.31,39.0,60.7,41.07,38.4,58.7,48.34,37.3,57.3,32.29,35.1,53.4,53.3,35.3,56.7,38.28,35.8,55.6,31.24,33.3,53.7,31.87,35.6,55.8,27.23,39.9,59.2,40.09,37.4,58.8,34.82,36.1,57.7,31.06,37.0,57.6,32.83,36.8,58.4,32.85,35.3,57.6,28.47,36.5,57.3,35.36,37.4,57.5,25.02,36.4,57.9,32.25,
IA4228,JEFFERSON,42.02,-94.38,36.5,55.2,44.1,38.7,59.6,27.64,39.2,62.3,21.92,40.1,61.7,41.54,37.7,61.1,21.97,38.1,61.3,23.93,38.8,59.3,30.18,37.9,59.4,23.61,37.9,59.7,33.62,36.6,58.6,29.51,37.7,59.7,38.45,37.3,59.6,24.65,38.8,60.8,27.6,39.2,61.5,35.95,37.5,59.5,31.83,36.2,60.1,8.76,37.1,59.3,27.83,38.4,60.5,34.24,37.9,57.2,33.8,38.5,59.1,28.12,39.2,59.9,29.48,37.2,57.6,36.92,41.3,60.8,49.71,39.7,61.0,31.55,38.1,60.9,30.14,36.5,63.3,21.45,39.0,63.2,31.56,36.3,58.9,33.53,35.8,58.8,33.66,38.5,62.9,20.68,39.3,63.7,28.11,38.5,59.2,33.42,40.2,59.6,39.63,39.6,61.0,34.33,37.2,59.9,21.95,40.7,61.8,42.34,41.4,65.6,33.97,37.4,65.2,20.91,37.2,61.7,22.45,40.6,63.0,37.93,39.9,60.8,45.5,39.8,60.2,32.57,38.3,56.5,45.13,38.5,60.3,24.11,39.3,59.2,30.55,37.0,57.2,37.11,38.6,59.1,31.64,41.1,61.2,39.05,38.8,61.1,31.37,37.8,60.7,24.11,38.8,60.4,32.22,38.1,60.8,33.75,36.9,59.7,36.13,37.8,59.8,36.76,38.8,60.2,16.99,38.4,60.4,31.3,
IA4389,KEOSAUQUA,40.72,-91.97,39.5,60.5,44.78,40.8,64.5,36.48,41.7,66.4,24.87,42.6,65.3,38.34,40.7,64.7,25.19,40.8,65.7,22.92,41.5,62.9,37.81,40.0,61.7,36.09,41.5,62.2,47.94,40.1,61.6,35.26,40.6,62.2,41.61,40.5,61.8,33.58,41.0,63.1,26.39,42.0,64.4,27.7,41.6,63.0,42.32,40.0,62.6,27.88,40.7,62.4,42.13,41.3,63.0,33.18,40.7,61.5,36.33,41.4,62.5,44.35,41.4,63.6,28.13,39.9,61.0,32.72,43.2,62.9,62.87,41.1,62.1,40.63,41.2,63.1,31.75,38.3,62.9,32.07,40.6,63.6,30.09,38.2,60.4,43.96,37.6,61.1,31.54,39.6,63.3,44.63,40.6,64.1,43.23,38.7,61.5,45.94,39.6,63.2,36.48,38.4,63.1,40.77,36.9,61.2,48.04,40.6,63.8,48.69,40.8,66.8,30.84,40.5,66.7,25.74,39.7,63.6,30.08,43.9,65.5,42.85,43.1,65.0,33.6,42.2,62.9,38.13,41.6,60.3,53.26,41.4,63.7,30.88,41.2,61.8,44.62,39.8,60.8,36.52,41.4,61.8,41.12,45.9,64.5,46.92,43.0,66.2,30.55,42.4,64.5,30.67,43.4,64.4,45.4,42.9,65.3,30.04,41.4,63.6,38.8,42.6,63.5,34.26,42.6,65.1,17.7,40.8,63.1,37.42,
IA4502,KNOXVILLE,41.32,-93.13,38.2,58.2,40.52,40.0,62.4,36.91,42.7,64.5,22.34,42.9,63.8,30.98,40.9,62.8,22.94,40.5,63.7,18.91,40.0,60.9,32.3,39.2,60.5,31.0,39.7,60.0,40.25,38.1,59.0,42.75,40.2,60.2,38.42,39.5,60.1,28.8,40.5,61.3,27.57,40.6,63.1,30.53,38.4,61.0,40.67,35.8,60.9,26.85,39.3,61.1,28.22,40.6,61.7,25.36,40.4,59.9,41.76,40.7,61.2,33.13,40.8,61.7,25.15,39.1,59.5,35.35,43.1,61.6,52.95,40.2,61.3,37.67,40.3,61.2,32.41,38.7,62.2,28.93,40.4,62.8,30.38,38.9,59.1,39.2,38.4,59.6,32.44,41.3,62.7,26.98,42.2,64.2,30.28,40.3,60.3,47.8,42.1,61.6,39.05,41.6,62.1,33.14,39.8,60.1,32.0,43.4,62.8,40.97,44.5,64.2,37.76,40.3,62.5,21.01,38.8,59.8,30.58,42.7,62.0,36.55,42.1,61.5,42.27,41.5,59.7,34.86,40.3,57.1,47.6,40.7,60.5,26.41,40.8,59.1,36.99,38.8,57.6,34.75,40.1,59.0,36.32,43.7,61.6,45.48,41.0,61.5,31.27,40.2,60.6,34.24,40.8,60.7,30.71,40.4,61.7,35.24,40.0,60.2,33.51,40.8,60.2,37.46,40.8,60.9,22.09,40.4,61.1,33.96,
IA4735,LEMARS,42.8,-96.17,35.6,55.9,42.35,37.4,59.9,26.42,38.5,61.4,32.05,38.9,60.2,26.42,36.9,61.5,16.33,35.9,62.2,13.14,36.8,59.6,30.76,34.7,61.2,14.82,35.5,59.1,29.61,33.6,57.7,28.33,33.6,58.7,23.59,35.0,58.3,28.68,36.1,61.2,17.87,35.6,60.7,25.8,34.6,58.6,29.49,33.7,58.9,20.74,34.2,59.8,20.28,35.0,60.5,30.6,34.3,57.0,31.54,34.5,59.0,19.24,35.4,59.6,26.75,34.2,57.2,30.27,38.7,61.6,25.54,38.0,62.4,23.15,37.8,59.7,27.27,37.2,63.1,12.99,38.4,61.5,31.62,35.4,58.5,29.82,35.5,58.4,35.37,38.0,63.1,21.14,39.0,63.8,22.93,36.4,59.1,30.1,38.1,59.2,34.91,38.1,58.5,36.58,36.3,57.0,36.34,39.8,59.7,26.89,41.3,63.1,21.07,37.8,61.2,24.33,33.2,58.9,14.96,36.2,59.9,26.0,36.7,58.6,28.36,36.6,57.4,33.85,34.1,54.1,27.36,35.0,57.7,22.7,36.0,56.3,27.34,32.7,54.3,29.04,35.1,57.0,22.61,39.3,60.1,33.0,37.3,60.4,22.35,36.0,59.0,20.88,37.2,59.0,25.04,36.3,59.3,26.43,35.6,58.4,24.69,36.0,58.4,39.76,37.1,59.3,18.02,36.3,59.4,26.25,
IA4894,LOGAN,41.63,-95.8,36.6,57.0,44.1,38.9,60.7,35.01,40.1,63.3,21.47,41.1,62.6,29.58,38.7,61.8,19.55,39.3,62.7,26.77,39.9,60.1,37.65,38.9,60.3,27.15,39.3,60.0,35.99,38.0,58.6,31.65,38.9,60.0,30.47,39.8,60.2,34.79,40.8,62.2,21.84,40.3,62.2,34.11,39.1,60.2,36.99,37.6,62.4,18.29,37.6,62.5,26.18,38.0,62.4,35.9,37.8,60.0,30.69,38.3,62.3,24.19,38.5,61.9,29.12,37.6,59.7,39.12,40.6,61.8,39.53,39.4,63.1,27.46,38.9,61.9,32.49,38.0,65.0,21.6,40.4,63.8,35.68,36.3,59.6,32.97,36.2,59.7,28.61,39.1,64.0,23.33,39.8,64.4,22.31,36.8,59.7,40.43,38.9,59.9,35.68,39.1,60.8,38.85,36.0,58.9,29.07,40.4,62.7,47.85,40.3,65.0,32.76,37.7,63.0,16.3,36.3,60.5,25.55,39.1,62.1,30.64,39.0,60.8,36.21,39.2,60.5,37.14,37.1,56.5,37.35,37.9,60.7,29.04,38.5,59.0,33.74,35.9,57.2,38.02,37.6,59.3,30.29,41.3,62.1,40.71,38.4,62.3,33.88,37.8,62.0,24.92,39.0,61.8,34.95,37.9,61.6,23.78,36.7,61.0,27.14,37.9,60.9,32.46,38.8,61.6,24.42,38.6,61.2,31.54,
IA5086,MANCHESTER-2,42.47,-91.45,34.4,53.3,47.82,37.4,58.6,28.78,37.7,59.2,30.57,37.9,58.9,36.95,36.7,58.8,27.45,36.5,58.2,28.89,37.2,56.9,31.69,35.5,56.8,20.67,35.9,56.1,41.83,35.3,56.1,32.48,34.8,57.3,47.12,32.4,55.2,38.54,33.7,57.2,29.54,35.2,58.4,26.5,34.6,56.2,38.36,33.1,56.4,28.41,33.3,55.7,34.02,35.5,57.3,40.2,34.1,55.3,42.14,35.0,55.9,39.24,34.8,56.4,35.77,33.2,53.8,46.18,38.0,57.0,39.21,35.3,55.3,39.31,35.1,56.1,26.86,33.3,59.4,19.13,36.4,59.7,33.57,33.9,56.8,33.55,33.7,56.2,37.9,35.9,58.8,36.27,36.8,59.8,47.28,32.9,54.9,35.56,35.7,56.5,28.44,35.2,57.1,36.58,33.8,55.6,30.89,36.3,56.6,42.66,38.3,59.8,30.58,34.5,58.6,22.96,33.4,55.7,23.9,37.3,57.9,38.26,36.3,57.0,38.89,35.7,55.5,34.26,35.0,53.7,46.62,34.8,56.1,34.95,35.1,55.8,27.37,33.3,53.8,34.18,36.1,56.1,28.98,40.7,60.2,46.85,37.8,59.6,37.15,36.8,58.3,32.87,37.9,58.8,35.16,37.9,59.3,38.49,35.0,57.7,36.37,35.8,57.4,31.69,36.7,57.9,18.95,35.4,56.9,34.77,
IA5131,MAQUOKETA-2-W,42.07,-90.7,36.4,54.9,43.37,38.8,59.3,26.56,38.8,60.0,31.45,39.0,59.7,33.41,37.2,59.5,30.03,38.2,59.2,35.09,38.3,59.0,26.44,38.5,59.1,24.23,37.4,59.4,42.99,35.3,58.3,37.25,36.3,59.5,43.29,36.7,59.0,31.67,35.3,60.5,24.99,37.1,61.7,26.5,39.0,59.6,40.54,37.0,60.1,26.95,37.0,59.2,37.78,39.3,60.6,30.78,38.4,58.8,36.2,39.1,59.5,37.33,39.3,60.6,34.01,37.4,57.4,45.37,41.0,60.6,46.66,39.2,59.1,39.64,39.5,59.9,30.6,35.8,60.4,19.79,36.9,59.1,38.95,34.4,56.9,29.01,34.8,56.3,33.67,37.1,57.8,32.96,37.0,59.3,47.86,35.1,56.7,39.18,37.5,58.3,28.79,36.5,58.0,34.32,36.5,57.3,35.66,39.2,57.9,44.88,40.6,61.6,31.71,35.7,60.7,16.98,35.5,57.0,28.08,38.6,58.7,41.6,37.9,58.6,31.68,37.1,56.6,37.96,36.8,54.8,48.36,36.5,57.4,24.66,36.6,56.7,29.64,34.5,54.6,35.12,36.2,56.0,27.76,41.5,60.6,42.59,38.2,59.9,32.62,37.5,58.5,35.98,38.6,59.3,36.31,38.4,59.2,43.13,35.0,57.5,26.75,36.6,57.7,37.53,37.3,58.8,11.21,37.5,58.7,34.3,
IA5198,MARSHALLTOWN,42.07,-92.93,36.0,55.6,45.33,37.9,60.1,28.35,38.9,61.6,23.68,39.4,61.1,36.15,37.1,60.9,20.3,37.1,60.9,26.19,38.4,58.8,37.96,36.8,58.8,31.64,37.9,58.3,34.02,36.4,57.5,36.87,37.0,58.5,39.29,36.2,57.7,33.43,37.7,59.2,29.6,37.9,60.3,30.69,36.9,58.1,41.07,35.6,59.0,23.19,36.7,58.8,25.9,37.8,59.6,25.8,37.2,57.5,36.3,37.8,58.6,37.71,38.0,58.9,29.69,36.1,56.2,42.24,39.8,59.1,40.73,37.3,58.3,47.98,36.2,58.3,29.79,34.5,59.1,24.11,36.6,59.6,37.02,34.1,56.2,33.72,33.7,56.1,32.58,35.6,59.0,24.17,36.1,60.1,32.48,35.5,56.2,43.4,37.7,57.7,46.25,36.8,58.7,40.45,33.9,56.7,28.6,37.1,58.4,43.24,38.5,62.3,36.29,36.2,60.4,17.24,35.3,57.8,25.19,39.5,59.9,49.16,39.5,58.8,43.52,38.2,57.4,35.58,37.7,54.8,59.05,37.0,57.8,34.93,37.7,57.1,34.28,35.2,55.6,34.81,37.7,57.8,30.81,41.4,60.7,47.02,38.2,60.2,32.91,36.9,59.0,35.69,37.7,59.1,30.9,37.2,59.9,27.49,35.7,58.4,34.38,36.9,58.6,33.63,38.2,59.0,21.51,37.1,58.6,34.66,
IA5230,MASON-CITY,43.15,-93.2,32.7,52.2,39.11,35.3,56.6,23.83,36.3,58.0,25.76,37.1,57.0,45.16,35.4,57.9,18.99,34.6,56.5,28.38,36.1,56.2,28.5,34.9,56.8,18.44,35.3,55.2,36.57,34.8,55.5,28.48,35.1,55.5,32.58,35.0,54.7,33.54,35.9,57.1,34.54,36.4,58.4,29.93,34.8,54.9,41.14,34.1,55.2,30.34,34.3,55.7,27.26,35.9,56.5,36.22,34.3,54.2,37.82,34.9,55.2,34.78,35.6,55.7,33.95,34.2,53.3,32.86,38.6,57.6,17.62,36.9,57.2,26.93,36.8,56.1,17.27,33.8,58.9,22.83,36.9,58.6,32.16,33.4,55.4,26.09,32.8,55.4,40.23,34.5,58.7,38.26,36.3,59.6,42.45,34.1,55.5,41.59,34.9,56.5,45.44,35.5,57.3,40.1,33.0,56.5,29.46,36.0,57.7,35.98,40.6,61.4,24.47,35.2,58.9,25.5,32.5,54.9,15.13,35.8,57.0,45.36,35.5,54.8,45.39,35.1,54.2,38.76,33.3,51.5,44.85,33.9,54.5,32.85,35.0,54.1,32.62,32.0,51.8,29.94,34.4,53.8,30.55,38.9,57.9,31.85,36.8,57.4,44.19,35.3,56.1,31.63,35.9,56.2,31.46,36.3,56.7,30.62,34.6,56.0,25.15,35.6,55.8,42.69,36.8,56.0,26.79,35.2,56.1,32.54,
IA5493,MILFORD-4-NW,43.38,-95.18,31.8,52.2,37.21,34.4,56.7,22.14,35.7,57.6,29.68,36.7,57.1,32.56,34.6,57.8,18.76,33.9,57.1,21.66,35.4,56.0,29.26,33.9,58.4,12.7,34.5,56.4,28.54,34.6,55.2,34.59,34.0,55.3,26.84,33.5,55.5,33.28,33.0,59.0,19.97,34.7,59.0,34.48,32.6,55.2,28.29,33.1,56.4,23.76,34.1,57.2,20.04,35.4,57.5,32.29,33.6,54.1,32.44,32.9,55.5,29.14,34.5,56.0,27.02,33.2,53.2,31.25,37.6,57.3,30.74,35.9,56.9,18.68,34.4,55.2,33.12,34.5,58.3,15.33,35.9,57.2,36.31,32.8,54.0,27.45,32.1,52.9,37.31,34.6,57.3,15.15,35.7,58.4,25.92,33.6,52.9,42.95,34.3,53.5,31.57,35.2,55.1,33.88,32.7,54.2,31.77,37.3,56.3,36.14,39.9,60.3,35.71,35.5,57.7,23.74,34.3,56.1,20.18,37.1,58.5,25.34,37.2,55.7,37.97,36.5,54.5,32.7,34.0,51.5,47.11,35.4,54.7,27.85,36.0,54.1,30.42,32.9,52.1,22.95,35.5,54.5,20.11,39.5,57.9,28.83,37.6,58.1,23.88,36.1,56.1,28.09,37.4,56.6,28.23,36.9,57.4,24.65,35.6,57.0,20.4,36.8,56.8,37.71,37.7,57.7,17.1,34.9,56.0,28.54,
IA5769,MOUNT-AYR,40.7,-94.25,37.6,58.2,45.23,39.4,62.3,29.3,41.0,64.8,21.06,42.4,64.5,30.24,39.2,62.6,23.54,39.8,64.1,24.3,40.2,61.0,29.16,39.6,60.4,30.38,40.1,60.3,46.03,38.3,59.6,36.74,37.9,60.1,35.68,38.9,60.2,30.61,39.7,61.6,27.25,39.7,62.5,38.29,37.7,61.0,38.46,37.4,60.9,27.22,38.3,61.1,25.84,39.0,60.8,27.05,38.8,59.7,27.18,40.1,61.0,34.89,39.8,60.8,29.72,38.4,58.9,36.72,41.5,60.5,51.71,40.0,60.2,29.94,40.3,59.9,36.16,39.0,60.9,13.38,40.9,61.1,39.69,38.7,59.2,41.93,38.1,59.7,32.21,40.6,62.6,35.33,41.6,63.5,27.21,40.7,59.7,49.25,41.5,60.8,11.86,41.7,62.0,30.9,39.9,60.3,30.27,42.7,62.0,45.35,43.0,63.8,37.95,39.4,64.8,16.71,36.2,60.0,28.05,39.6,61.0,43.17,39.0,60.5,37.84,39.2,59.7,41.29,37.9,57.3,55.02,38.2,60.6,28.33,38.4,59.2,37.31,36.4,57.1,40.72,38.0,59.2,31.53,42.9,61.6,34.67,40.8,61.4,29.78,39.6,61.1,24.9,40.5,60.3,37.19,38.8,61.6,25.85,38.8,61.0,29.23,40.0,60.9,34.47,40.4,62.0,22.6,39.6,60.9,33.23,
IA5796,MOUNT-PLEASANT,40.95,-91.55,38.2,59.3,41.2,39.9,63.2,32.55,40.9,64.6,17.92,42.3,63.9,36.39,40.3,63.0,28.07,40.5,64.0,22.79,40.6,61.6,34.0,38.9,60.3,31.14,40.1,60.9,40.07,39.0,60.3,37.02,40.2,61.1,37.96,39.8,60.9,28.84,39.8,62.1,30.76,39.5,63.4,26.79,38.4,61.4,49.45,37.4,61.2,28.03,37.4,60.1,41.2,39.3,61.6,29.05,39.3,59.9,35.46,40.6,60.9,39.34,41.3,62.3,30.48,39.7,59.6,30.44,43.4,61.6,61.64,41.0,60.9,36.96,41.7,61.5,32.72,39.1,61.4,30.61,41.6,62.0,36.49,39.1,58.5,42.16,39.0,59.3,32.47,41.3,61.5,43.77,42.1,62.6,38.62,40.5,59.8,47.53,42.5,61.7,34.66,41.8,61.6,46.68,39.5,59.9,38.34,42.1,60.9,48.24,42.6,63.2,29.32,38.3,61.5,21.9,37.0,58.1,32.69,41.3,61.1,41.77,41.8,61.7,36.67,41.0,59.9,41.7,40.3,57.9,57.57,40.5,61.0,26.29,40.8,59.3,40.22,39.1,58.3,31.07,41.2,59.6,30.82,45.8,62.8,48.49,42.9,63.3,30.64,42.0,61.8,30.89,43.3,62.4,43.65,42.7,62.7,31.11,41.2,61.5,33.39,42.5,61.6,38.39,42.3,63.2,16.69,40.5,61.2,36.15,
IA5837,MUSCATINE,41.4,-91.07,39.0,58.7,43.71,41.1,62.5,34.01,42.2,63.9,25.9,42.5,63.0,40.68,41.2,62.4,26.72,41.2,63.0,20.28,41.8,61.3,31.54,39.9,59.8,31.61,41.3,59.8,39.12,40.0,59.2,34.64,41.0,60.3,43.2,40.0,59.8,29.81,40.3,61.1,27.0,42.0,62.2,29.93,41.1,60.4,49.15,39.9,60.8,31.53,40.2,59.7,45.23,41.1,61.3,30.1,40.3,59.7,34.89,41.0,60.1,40.83,41.5,61.7,31.28,39.6,58.3,39.58,43.4,61.5,48.05,41.4,60.5,36.1,41.7,60.9,32.06,38.8,60.7,32.28,41.3,61.0,42.76,39.1,58.6,30.01,38.5,59.2,30.4,40.4,61.0,32.74,40.9,61.9,36.95,38.9,59.5,48.96,40.5,61.1,35.28,39.1,61.4,38.28,38.3,59.6,40.29,41.3,61.8,39.36,42.8,65.3,27.8,38.3,64.4,21.84,38.1,61.1,26.6,43.4,62.8,50.4,42.8,62.9,28.67,41.9,60.6,39.99,41.5,58.5,59.17,41.3,61.6,27.43,41.2,60.4,37.63,39.5,58.7,31.71,41.3,59.9,34.74,45.7,63.2,49.23,42.8,63.2,33.57,42.0,61.8,41.79,43.0,62.3,43.6,42.6,62.7,33.91,40.9,61.6,28.18,42.4,61.8,34.68,42.8,62.8,13.85,40.9,61.0,36.05,
IA5952,NEW-HAMPTON,43.05,-92.32,33.2,52.0,39.66,35.7,56.7,25.65,36.6,57.8,29.69,37.2,57.4,26.37,35.8,57.1,23.5,35.2,56.2,27.79,36.5,55.6,24.85,34.5,56.1,21.57,34.5,54.9,34.75,33.6,55.3,27.74,35.0,55.1,34.3,33.1,53.9,23.61,32.7,55.9,9.06,35.1,57.4,24.41,35.3,54.3,39.33,34.2,55.3,29.16,34.9,55.0,28.89,36.8,56.4,39.82,35.3,54.0,41.51,35.5,54.7,35.06,35.6,55.6,29.76,34.5,52.9,40.85,38.6,56.6,34.84,36.6,55.5,29.27,36.5,55.3,31.1,34.2,56.9,21.82,36.5,57.6,38.59,34.8,55.2,33.65,34.9,54.2,38.85,36.9,57.3,34.97,38.0,58.3,41.88,36.1,55.4,41.55,38.3,56.4,47.73,37.4,57.5,32.38,35.2,56.0,33.2,38.1,56.7,33.94,40.7,60.2,28.6,36.3,58.5,22.91,35.5,56.0,25.03,38.7,58.4,43.49,37.8,56.8,46.56,37.2,54.9,36.36,36.0,52.8,51.86,36.4,55.5,38.28,36.7,55.4,32.21,34.1,53.3,32.82,36.6,54.9,38.21,41.0,58.9,46.71,38.4,58.6,48.66,37.2,57.2,41.6,38.3,57.8,33.3,38.2,58.4,33.06,36.2,57.2,31.1,37.7,56.9,48.82,37.8,57.0,24.88,36.1,56.0,33.68,
IA5992,NEWTON,41.7,-93.05,38.0,56.5,35.68,40.2,60.5,32.17,41.2,62.2,20.73,42.1,62.5,41.22,40.7,62.5,23.61,40.7,62.6,21.7,40.9,60.7,29.41,39.9,60.4,26.13,40.5,59.6,42.59,38.9,59.1,37.49,40.0,60.6,40.55,39.3,60.4,30.25,39.9,62.0,28.31,40.2,62.5,30.42,39.4,60.3,40.01,38.1,61.1,26.14,38.9,61.1,28.49,39.4,62.0,28.39,38.8,59.6,32.89,39.4,60.5,37.63,39.9,61.2,23.92,34.5,57.8,31.55,39.5,60.0,28.81,37.8,59.9,44.48,36.3,60.4,27.06,35.9,60.7,24.16,39.7,61.4,36.43,37.2,57.1,38.28,36.5,56.9,31.3,38.5,60.1,22.84,39.1,60.1,24.05,38.5,57.0,41.74,40.8,58.6,43.21,40.6,59.3,46.34,38.3,58.3,29.63,41.9,60.5,36.34,43.7,63.8,33.69,40.3,62.9,18.66,38.8,60.2,26.62,42.2,62.1,43.32,41.8,61.3,45.31,41.0,59.7,36.53,39.8,57.2,52.77,40.2,60.4,26.44,40.4,59.3,34.35,38.0,57.4,33.35,40.0,59.5,37.27,42.3,61.0,38.21,39.5,60.7,27.12,38.8,59.8,28.5,39.2,59.6,32.11,38.6,60.5,30.18,37.3,59.0,34.64,38.0,59.0,34.49,38.9,59.9,23.3,39.5,60.2,32.91,
IA6103,NORTHWOOD,43.45,-93.22,32.7,51.6,27.53,33.8,56.1,25.52,35.9,57.6,31.64,36.6,57.2,35.48,34.8,57.7,22.83,34.4,56.7,25.76,36.4,56.2,34.75,35.2,57.3,18.71,35.1,55.9,41.95,34.8,56.2,28.23,35.4,55.9,33.74,35.4,55.1,30.81,35.7,57.3,26.74,36.3,58.5,26.47,34.5,54.8,42.54,33.8,55.8,22.68,34.0,55.7,26.65,35.2,57.0,37.54,33.5,54.7,29.92,34.1,55.3,31.1,35.3,56.0,31.61,34.1,53.1,35.21,38.6,56.8,38.86,36.1,56.3,27.4,36.2,56.1,35.67,34.6,58.2,16.47,36.9,57.7,30.3,34.1,54.8,36.98,33.4,53.8,31.28,35.7,57.2,33.75,36.9,58.2,37.75,34.2,54.0,41.35,36.4,55.6,32.83,36.7,56.4,33.47,34.9,55.5,29.72,37.8,57.0,35.26,39.4,61.3,22.86,35.1,58.1,24.43,32.3,54.4,20.1,35.6,56.6,50.03,35.2,54.2,44.14,34.7,53.3,30.28,33.0,50.8,45.99,34.2,54.1,33.74,34.5,53.4,31.6,31.6,50.7,31.04,33.3,52.6,29.88,37.9,56.2,36.83,35.9,55.7,38.72,34.6,54.6,33.55,35.1,55.1,33.95,35.5,55.3,30.63,34.0,54.8,26.64,35.2,54.7,45.89,36.2,54.9,23.99,35.1,55.6,32.07,
IA6151,OAKLAND-2-E,41.32,-95.38,35.8,57.1,39.46,37.8,61.1,32.59,39.3,63.7,22.39,40.0,64.2,34.66,37.0,62.9,20.51,38.2,63.9,26.11,38.8,60.7,32.12,37.5,60.8,32.87,37.9,60.5,34.87,36.5,59.1,37.27,37.1,60.4,34.89,38.0,60.6,29.45,38.0,62.7,25.29,38.3,62.8,38.6,37.9,60.6,39.97,36.3,61.3,23.8,36.7,61.3,32.55,37.3,61.6,26.77,37.2,59.1,28.6,37.8,61.1,29.34,38.2,61.1,30.76,37.6,59.7,38.86,40.2,60.8,46.57,38.5,62.4,23.13,38.5,61.2,30.22,36.4,62.8,26.16,38.5,62.4,34.38,34.9,58.7,35.14,34.5,59.0,34.38,37.5,62.5,33.68,38.5,63.1,26.13,36.9,59.4,33.83,38.4,59.8,27.95,39.2,61.0,26.3,37.6,58.6,10.66,41.8,60.9,44.95,43.0,63.1,40.05,39.2,63.1,20.58,36.7,59.3,28.86,39.7,61.0,31.59,39.1,59.9,42.6,38.9,59.3,32.96,37.3,56.0,49.6,37.0,61.0,29.73,36.7,59.1,33.56,34.7,57.1,36.66,37.5,59.7,29.14,41.9,61.3,46.5,39.2,61.4,43.9,38.8,61.3,25.89,39.5,60.7,31.91,38.4,61.2,29.98,37.6,60.4,26.37,38.3,60.3,35.15,39.6,61.4,21.82,38.0,60.8,32.35,
IA6200,OELWEIN-2-S,42.65,-91.92,33.6,54.0,41.22,35.1,57.1,21.75,36.2,57.7,26.65,38.1,59.1,30.82,36.4,58.7,22.83,35.7,57.9,27.72,37.4,56.9,28.29,35.3,56.5,25.47,36.3,56.0,41.55,35.7,55.7,39.58,35.4,56.6,48.44,34.9,55.7,41.88,35.3,56.7,32.12,36.2,58.3,25.98,35.7,55.8,40.15,35.0,56.7,33.09,35.3,56.6,28.17,36.4,58.1,27.39,36.1,55.7,34.64,35.3,56.4,30.72,36.2,56.9,19.62,34.6,54.5,29.35,38.1,58.0,40.08,35.7,55.8,32.05,36.0,57.0,24.56,33.6,58.2,21.89,37.0,58.8,33.3,34.5,55.4,37.66,34.7,55.2,41.17,36.8,57.6,28.87,37.9,58.6,43.31,36.7,55.3,35.8,38.5,56.6,37.85,37.4,57.5,34.97,35.0,55.5,32.25,37.1,55.8,36.0,39.8,59.4,31.7,35.8,58.2,23.03,35.2,55.7,28.6,38.5,57.9,42.26,37.4,56.7,43.99,37.0,55.3,26.97,35.9,53.0,44.74,36.0,55.6,30.13,36.3,55.2,30.26,34.2,53.1,34.11,36.4,54.7,32.51,41.2,58.7,43.93,38.4,58.4,38.87,37.3,56.8,37.62,37.3,57.2,38.89,36.9,57.9,30.41,35.0,56.8,31.76,36.8,57.1,38.84,37.7,57.2,20.83,36.3,56.6,33.43,
IA6243,ONAWA,42.02,-96.1,36.0,57.4,41.69,38.0,61.8,33.56,39.4,64.2,24.34,39.9,64.1,29.57,37.8,63.9,20.97,38.1,64.1,23.7,38.8,61.9,32.36,37.7,62.2,24.56,37.2,60.7,35.91,36.5,58.8,32.43,37.5,59.9,29.13,38.8,59.9,34.95,39.7,61.9,29.96,39.2,62.2,28.54,37.3,60.4,35.46,35.7,60.6,20.82,35.5,61.6,26.1,38.2,61.6,33.59,37.9,59.4,21.6,38.6,61.5,25.84,39.0,60.9,25.22,37.8,58.8,33.8,40.8,61.3,34.61,39.4,62.4,26.06,39.0,60.7,31.82,38.2,64.0,12.92,40.3,62.5,32.55,36.5,58.5,26.27,36.7,58.9,19.99,38.9,62.4,20.0,39.4,63.4,22.04,37.7,58.7,40.55,39.5,58.6,35.61,39.0,60.2,44.26,37.1,59.5,24.4,40.4,62.0,35.64,41.6,64.3,37.29,38.5,63.7,21.99,37.0,61.5,20.83,39.7,63.3,31.71,39.8,61.5,30.13,39.6,60.6,37.23,37.4,56.7,44.55,38.6,60.8,29.75,39.2,60.1,29.87,36.5,57.7,36.18,38.7,59.9,23.38,42.0,63.0,39.34,39.9,63.6,30.85,38.9,63.3,23.98,40.1,62.6,35.48,39.0,63.9,23.94,38.1,62.7,26.48,39.3,63.4,30.0,39.0,63.2,18.02,38.5,61.2,29.88,
IA6305,OSAGE,43.28,-92.8,32.4,51.4,37.46,34.9,56.0,27.23,37.1,57.4,32.06,37.6,57.3,36.51,35.9,57.0,22.46,34.6,56.4,32.85,36.4,55.7,29.52,34.8,56.3,20.37,35.4,55.2,36.58,35.4,55.1,26.26,35.4,54.7,31.62,35.2,53.9,32.81,35.6,56.3,24.28,36.7,57.9,26.49,34.3,54.7,42.24,33.5,55.8,28.71,34.7,55.7,29.12,37.8,56.6,41.0,36.1,54.3,36.82,36.3,55.0,35.27,36.2,55.7,31.24,35.0,53.3,34.76,39.5,56.8,37.51,37.1,55.8,30.92,36.8,55.2,35.82,35.3,56.7,20.73,37.2,57.3,32.47,34.4,54.3,33.73,34.0,53.2,35.1,36.2,56.3,44.95,37.4,57.4,39.27,35.6,53.9,44.77,37.6,55.1,40.07,36.7,55.8,34.7,34.5,54.8,33.24,37.2,56.4,40.72,41.0,60.5,26.1,36.7,58.9,23.8,35.8,56.9,19.38,38.9,59.2,40.53,38.2,57.3,37.39,37.8,55.9,35.82,36.3,53.5,45.01,37.0,56.5,33.23,37.0,55.6,34.59,33.6,52.6,31.28,34.8,53.2,31.04,39.4,57.4,34.28,37.4,56.6,45.72,36.1,55.7,34.68,36.7,56.4,35.47,36.8,56.7,30.39,35.4,56.3,25.32,35.8,55.7,43.96,36.9,55.4,25.32,36.2,55.8,33.49,
IA6316,OSCEOLA-3-WSW,41.02,-93.75,37.6,58.3,41.86,40.8,62.7,32.61,42.4,65.0,25.17,42.8,65.0,31.63,39.2,63.0,26.27,41.2,63.7,22.19,40.2,60.8,34.91,39.1,60.7,30.82,39.4,60.3,49.58,38.4,59.6,42.13,38.6,60.3,41.56,39.0,60.6,30.63,40.6,61.4,27.38,41.2,62.5,37.22,40.4,60.3,41.79,38.6,60.0,29.94,38.8,60.2,38.2,40.2,60.8,28.4,39.8,59.7,38.26,40.3,61.7,36.12,40.0,61.7,24.2,36.9,59.8,40.22,40.4,61.4,47.8,39.7,62.1,34.21,38.1,61.5,33.61,37.7,62.6,32.19,38.9,63.3,40.88,35.3,59.1,40.3,36.7,59.5,25.06,38.0,61.8,25.37,38.3,61.9,37.71,35.6,58.3,31.53,39.0,58.4,30.32,40.0,60.8,24.0,37.8,58.1,32.06,41.5,60.0,43.35,42.5,62.6,49.2,38.4,63.2,17.51,35.9,59.2,23.95,40.1,60.9,40.49,39.1,60.1,40.04,39.2,59.1,47.95,38.0,56.6,55.32,38.6,59.9,29.69,39.8,59.8,38.5,38.5,58.6,41.22,39.5,59.7,34.07,42.4,61.3,44.95,40.3,61.9,32.93,39.3,61.5,29.51,39.3,60.7,41.85,38.5,62.3,25.16,37.5,61.6,31.76,38.2,60.8,35.98,38.7,62.5,21.56,39.2,60.8,35.26,
IA6327,OSKALOOSA,41.32,-92.65,38.1,58.0,53.75,40.2,62.3,35.46,40.9,64.2,21.32,40.6,63.8,28.09,38.6,62.9,25.82,39.8,63.9,15.5,40.6,60.6,35.72,38.7,59.5,27.23,40.2,59.1,43.72,38.5,59.7,39.61,39.3,60.8,41.88,39.1,60.1,33.84,39.3,61.5,30.07,40.3,62.9,27.31,40.0,61.0,45.61,38.4,61.0,26.78,40.1,60.9,31.17,40.7,61.8,27.47,40.2,60.0,46.39,40.5,61.1,42.89,41.2,61.9,27.82,39.3,59.8,36.4,42.4,62.0,32.46,40.7,61.4,38.65,40.8,61.6,23.88,38.7,62.4,25.53,39.9,62.5,37.05,37.0,59.0,43.18,36.9,59.5,32.96,41.1,62.3,31.2,41.5,63.3,37.65,39.3,59.7,44.33,40.5,61.9,37.99,38.6,61.5,48.06,37.8,59.0,35.46,41.4,59.6,39.9,42.6,62.5,41.33,38.7,62.3,17.49,37.3,59.2,30.59,41.4,61.3,41.02,40.6,60.9,32.42,39.9,58.9,42.72,38.9,56.6,48.81,39.0,59.6,30.8,39.0,58.8,34.89,37.3,57.2,35.82,38.8,58.4,38.81,42.2,61.2,52.66,39.5,61.3,31.75,38.5,60.4,38.74,39.4,60.2,37.3,39.0,61.5,27.73,37.8,60.0,34.21,39.0,59.8,34.93,39.4,60.6,16.35,39.7,60.8,35.45,
IA6566,PERRY,41.83,-94.12,35.5,55.6,37.55,37.8,60.5,29.98,39.5,62.6,23.25,39.8,62.6,36.7,37.9,61.6,24.56,38.0,62.1,23.81,38.1,59.5,29.53,37.3,59.7,30.35,38.7,58.5,39.54,36.8,57.7,35.44,37.6,58.8,37.71,37.5,58.7,27.68,38.0,60.3,33.04,38.0,61.3,33.4,38.5,59.1,32.72,36.5,59.8,22.39,36.0,59.4,31.77,36.6,59.3,24.87,36.1,57.1,32.64,37.3,58.2,28.14,37.4,58.9,24.29,35.7,56.2,36.51,39.8,58.5,46.21,36.8,58.4,31.98,37.0,58.3,30.81,35.4,59.5,22.09,38.0,60.2,32.16,34.6,56.3,33.81,34.4,56.0,34.91,36.4,59.6,21.75,37.6,61.1,25.57,36.1,56.4,39.28,38.2,57.5,41.11,37.2,58.4,35.5,35.2,57.0,20.2,38.8,59.3,45.45,40.2,62.2,33.84,35.8,61.3,17.97,34.2,58.1,23.09,38.6,60.9,39.15,38.1,59.5,35.74,38.1,58.6,32.6,36.7,55.3,40.8,36.4,59.3,25.45,37.4,57.5,33.39,34.8,55.4,34.57,37.1,57.9,25.13,41.3,60.5,39.62,38.5,60.5,36.11,37.8,60.2,23.61,39.0,60.0,31.11,38.1,60.6,28.8,37.0,59.3,33.75,37.7,59.1,34.45,38.8,59.8,21.42,37.3,59.0,31.55,
IA6719,POCAHONTAS,42.7,-94.67,33.9,53.6,37.35,36.4,58.0,23.0,36.9,61.2,32.08,37.9,60.2,42.11,36.1,60.6,16.66,36.0,59.8,18.59,37.3,58.4,32.54,36.1,59.0,20.88,36.5,58.1,33.91,35.5,57.4,25.64,36.4,57.6,30.89,36.4,57.5,35.23,37.6,60.3,27.42,37.4,59.8,31.25,36.4,57.0,34.53,35.3,58.0,18.12,36.1,58.1,26.32,37.1,58.8,31.47,35.7,56.1,28.37,36.0,57.2,26.25,36.6,58.1,33.4,33.8,54.8,29.52,37.5,57.3,40.43,34.6,57.3,22.69,34.6,56.6,29.87,33.9,58.9,15.64,36.0,58.8,32.94,32.7,55.1,35.32,32.2,54.0,26.52,35.0,58.2,21.11,35.3,60.9,13.64,33.5,54.9,30.53,34.6,56.1,37.38,33.4,57.5,38.75,32.5,56.2,29.62,36.2,58.0,41.39,39.2,61.6,28.88,35.0,59.0,26.07,33.4,57.3,17.39,36.5,59.3,41.28,36.4,56.6,43.98,36.5,56.4,35.72,34.6,53.2,42.91,34.9,56.8,34.41,35.6,55.3,34.66,32.8,53.4,33.95,35.0,55.7,23.43,38.9,59.1,34.29,36.4,59.0,26.95,35.4,57.8,30.29,37.1,58.1,27.78,36.9,58.9,33.51,35.8,58.2,27.82,36.8,58.3,30.99,38.5,58.5,24.27,35.6,57.6,30.07,
IA6800,PRIMGHAR,43.08,-95.63,33.6,53.7,42.49,36.8,58.4,24.51,37.2,59.4,31.94,37.5,59.2,29.17,35.8,59.8,17.51,35.9,59.6,19.77,36.9,57.8,30.75,35.9,60.2,14.96,35.4,58.0,30.62,34.5,57.1,26.34,34.9,57.6,25.91,35.3,55.6,26.85,36.3,59.9,19.2,37.0,60.5,27.13,35.8,57.8,31.48,35.7,58.2,20.92,36.5,59.2,17.86,38.3,59.5,32.07,35.7,56.1,29.49,35.2,58.0,26.43,36.7,58.5,29.37,35.1,55.5,29.95,38.2,59.1,35.08,36.5,59.6,31.41,36.2,57.3,37.99,35.1,59.9,19.66,36.8,59.9,37.42,34.3,56.3,25.34,33.3,55.3,27.21,36.8,60.2,25.12,38.3,61.4,22.0,36.0,56.3,37.75,37.5,55.8,39.1,37.1,57.4,35.0,34.9,56.5,33.29,38.1,59.1,31.12,40.0,63.3,28.47,36.5,61.1,29.38,35.5,58.4,18.25,37.8,60.1,27.26,38.1,58.2,32.11,37.6,57.0,34.87,34.8,53.3,39.55,35.8,56.2,31.94,35.9,55.0,32.7,32.7,52.7,28.97,35.2,54.7,28.01,39.3,58.4,28.46,37.8,58.7,25.04,36.2,56.9,26.05,36.9,56.8,29.24,36.6,58.0,24.16,35.6,57.1,26.15,36.7,58.2,39.34,38.4,60.0,17.13,36.3,57.9,28.68,
IA6940,RED-OAK,41.0,-95.23,37.6,58.7,40.0,39.5,62.5,31.37,41.2,65.1,24.49,41.9,65.1,32.63,39.4,63.6,24.87,40.1,64.6,28.28,40.4,61.6,32.38,39.4,61.4,29.22,39.9,61.3,35.97,38.5,59.9,39.47,38.7,60.7,39.76,39.6,61.1,29.7,40.5,63.1,26.88,40.4,63.7,44.55,39.5,62.0,40.71,38.3,62.1,21.9,39.0,62.0,44.09,39.5,62.8,25.16,39.4,60.7,32.97,40.0,62.6,27.95,40.5,62.8,31.28,39.1,62.0,40.75,41.7,64.0,48.44,39.9,65.1,24.74,38.7,63.8,31.64,36.9,64.5,29.27,38.5,63.9,46.01,36.5,59.6,37.94,35.4,60.8,35.61,38.4,63.6,32.04,37.9,63.9,32.69,36.5,60.2,46.79,40.8,60.9,32.72,40.6,62.4,40.61,38.3,61.1,27.64,40.6,63.7,44.59,40.5,65.9,56.52,39.3,66.6,20.61,38.8,62.6,30.83,42.0,64.0,37.5,41.3,63.3,35.77,41.1,62.2,36.39,39.8,58.8,52.66,40.5,63.2,30.77,40.6,61.5,31.4,38.8,59.6,44.63,38.8,60.6,33.15,42.1,62.3,36.13,39.4,62.5,40.55,39.0,62.7,25.96,40.6,62.8,36.05,39.4,63.4,27.65,38.6,62.5,27.32,39.7,62.1,32.7,40.2,62.9,19.39,39.5,62.4,35.0,
IA7147,ROCK-RAPIDS,43.43,-96.17,32.9,52.9,37.25,35.2,57.5,22.27,36.6,58.5,26.88,37.4,58.2,26.43,35.2,58.9,17.77,34.6,58.2,20.12,36.4,56.9,32.27,35.2,59.3,15.78,35.5,57.2,29.17,34.5,55.9,27.76,34.7,56.8,26.44,35.6,56.4,25.59,36.8,59.6,18.36,35.9,59.1,30.47,34.8,56.6,29.2,33.7,57.3,20.35,33.9,58.9,21.08,35.5,59.5,32.61,33.5,56.0,19.87,32.5,56.1,21.3,33.4,57.4,24.31,32.2,54.4,30.41,36.5,58.2,24.09,33.4,58.6,10.31,33.2,56.6,29.86,33.4,60.1,13.19,35.6,58.8,36.28,32.1,55.9,25.96,30.9,55.1,36.3,33.5,59.8,16.3,34.7,60.9,21.92,32.7,55.5,38.46,34.2,56.0,33.77,33.5,57.2,35.55,31.2,56.2,31.66,34.4,59.0,30.64,37.0,62.4,23.84,33.4,58.8,20.15,31.9,56.9,20.38,34.4,59.0,28.44,34.9,57.1,22.78,34.7,55.3,37.04,32.2,52.5,39.98,33.7,56.0,22.54,34.7,54.9,33.31,31.5,52.8,26.32,33.7,55.6,23.27,37.8,59.4,29.97,35.6,59.6,21.79,33.9,57.6,26.4,35.5,57.7,36.69,34.6,58.9,20.52,33.7,58.2,20.59,34.9,58.3,30.4,36.3,58.2,23.16,34.3,57.3,26.53,
IA7161,ROCKWELL-CITY,42.4,-94.62,34.9,54.7,45.91,37.3,59.4,28.48,38.2,61.1,23.56,38.5,60.2,42.73,36.3,60.4,19.09,36.9,60.6,19.34,37.8,58.4,33.99,37.0,59.2,20.82,37.1,58.3,32.89,35.9,57.7,26.05,36.8,58.0,35.15,36.4,57.9,32.39,38.0,60.4,23.58,38.1,61.1,26.47,37.1,58.6,39.7,36.0,59.3,21.43,36.5,59.9,29.17,37.0,60.0,36.09,35.9,57.2,33.03,36.9,58.4,29.37,37.6,59.6,24.29,35.5,56.2,37.11,39.8,59.2,48.9,37.6,59.2,26.14,37.1,58.6,28.79,36.0,61.1,17.48,37.8,60.5,33.48,34.8,56.8,31.87,35.5,56.2,35.43,38.3,60.1,25.66,39.0,61.2,30.26,36.4,56.6,39.86,37.9,57.0,37.85,37.6,58.5,34.66,35.5,57.8,23.16,38.9,59.4,40.72,41.5,63.0,29.35,37.8,61.6,27.83,36.4,58.9,18.98,39.3,61.1,34.76,39.2,58.5,40.33,38.9,58.5,29.1,37.1,54.5,41.13,37.7,58.2,29.52,37.0,57.1,29.28,33.4,54.3,32.16,35.9,56.8,23.25,39.7,59.4,37.31,37.6,59.3,32.55,36.1,58.6,22.81,37.2,58.3,39.49,36.2,58.7,30.46,35.5,57.7,29.31,36.5,57.8,35.57,37.7,58.1,23.13,37.2,58.7,31.04,
IA7312,SAC-CITY,42.43,-95.0,36.2,55.3,43.38,39.2,60.3,27.49,39.9,62.7,20.75,39.9,61.3,36.81,37.6,62.0,16.95,37.4,60.7,21.1,38.5,58.6,34.66,37.3,59.4,17.4,37.7,58.7,31.15,36.6,57.6,22.97,37.0,58.0,28.48,37.4,57.9,32.5,38.6,60.2,23.62,38.5,60.6,24.54,37.3,57.8,37.54,36.0,59.0,20.9,36.9,59.3,29.74,37.8,59.5,36.52,36.7,56.8,23.91,37.3,58.7,29.32,38.1,59.5,25.89,36.0,56.8,35.37,39.4,59.5,44.46,37.0,60.0,23.82,36.7,58.5,34.14,35.3,61.7,18.7,37.4,60.5,33.4,34.9,57.2,34.51,33.1,55.1,33.91,35.3,58.2,22.65,36.2,59.5,27.56,34.3,55.9,42.15,36.5,56.0,43.67,36.3,57.9,43.12,33.5,56.8,28.32,37.2,59.1,43.13,39.1,62.7,38.78,34.9,60.3,26.83,33.3,57.1,17.99,36.6,58.8,40.23,36.5,56.8,40.88,36.7,56.6,35.9,34.4,53.1,37.91,34.9,56.6,31.63,36.2,55.8,32.09,33.7,54.1,35.1,35.9,56.6,24.93,40.1,59.4,38.0,37.6,59.4,30.3,36.5,58.9,21.86,37.5,58.6,31.14,37.1,58.8,30.95,35.7,58.1,27.42,36.6,58.1,36.52,38.0,58.5,24.55,36.7,58.4,30.94,
IA7613,SHENANDOAH-1-NE,40.78,-95.35,38.4,59.8,43.11,40.3,64.1,32.18,41.9,66.5,21.44,42.8,66.5,34.22,40.3,64.5,25.5,41.1,66.3,19.72,41.2,62.9,34.44,40.4,63.0,34.13,40.9,62.9,42.9,39.9,61.7,34.79,39.9,62.5,43.97,41.0,63.1,34.04,42.0,64.9,28.23,41.8,65.6,35.92,41.3,63.6,40.0,39.9,63.8,20.48,40.1,63.7,29.83,40.8,63.9,25.62,41.0,61.2,39.38,41.3,63.4,25.01,41.7,62.8,22.93,41.0,61.4,29.73,43.1,62.0,44.26,41.8,63.9,24.02,41.7,62.5,23.27,40.6,64.3,25.62,42.7,63.9,44.93,39.2,59.9,35.48,36.4,60.8,33.57,38.3,64.6,25.37,39.7,65.2,33.35,40.2,61.5,48.64,40.7,63.4,30.45,40.8,63.6,36.0,39.7,62.1,26.65,42.7,65.3,43.23,43.0,66.1,0.0,40.3,66.2,14.95,38.3,61.2,34.26,41.3,63.2,37.88,40.8,63.1,34.03,40.8,62.0,38.88,39.3,58.6,54.58,40.1,63.2,29.26,40.0,62.0,29.71,37.7,59.4,37.6,39.6,60.8,38.14,44.0,63.4,37.13,41.5,63.6,37.67,40.9,63.6,26.39,41.8,62.9,38.06,40.8,63.9,30.85,40.4,63.4,28.46,41.1,63.1,37.38,42.2,63.5,25.83,40.7,63.1,32.59,
IA7664,SIBLEY-5-NNE,43.45,-95.72,31.2,51.6,35.33,33.9,57.1,22.95,35.7,58.4,36.72,36.6,57.9,31.06,33.8,59.0,16.38,32.0,58.1,28.57,34.2,56.9,35.59,34.2,60.1,17.76,34.4,57.9,30.2,33.6,56.8,31.72,33.8,56.6,25.95,34.6,56.2,29.31,35.8,59.0,25.06,35.4,59.6,32.71,34.0,56.3,35.02,32.7,57.2,25.55,33.1,58.2,22.9,35.4,58.7,32.99,34.2,55.2,28.12,33.9,56.9,26.84,34.7,57.7,23.56,33.7,54.7,20.35,37.5,58.5,25.93,35.2,59.0,22.7,34.9,56.3,31.33,33.5,59.7,14.38,33.8,57.3,35.38,32.3,54.0,18.17,32.7,54.1,47.83,34.9,58.8,19.38,34.8,59.7,21.84,30.9,53.1,36.1,32.6,53.6,32.04,31.2,54.5,33.95,29.7,53.3,32.41,34.4,54.2,32.3,36.9,59.1,30.33,32.3,55.9,22.13,31.3,54.6,20.2,34.0,56.8,27.92,34.2,54.6,27.59,34.1,52.9,31.37,31.4,49.8,38.61,33.1,53.5,25.57,33.4,52.9,31.73,30.1,50.6,26.01,32.1,53.3,19.9,37.0,56.7,29.17,35.1,57.2,23.88,33.5,55.5,25.03,35.0,55.4,31.43,34.0,56.4,21.59,33.0,55.6,23.57,34.1,55.8,30.87,34.7,56.0,19.5,33.7,56.1,28.04,
IA7669,SIDNEY,40.75,-95.65,39.6,60.4,46.05,41.6,64.4,34.62,42.4,66.8,10.62,43.4,66.6,28.63,40.8,64.8,19.77,40.8,66.0,19.72,41.5,62.7,24.55,40.6,62.6,33.79,40.7,62.5,38.67,39.2,60.9,35.83,39.6,62.0,29.33,41.2,62.4,29.67,42.3,64.5,30.07,42.0,65.1,33.1,41.7,63.1,49.22,39.9,63.6,26.58,39.8,63.5,32.26,41.1,64.2,28.46,40.6,61.7,40.67,41.3,64.6,26.89,41.5,64.6,27.6,40.5,62.8,34.79,43.1,63.1,48.98,41.9,65.2,24.19,41.4,63.9,27.62,40.9,65.6,26.44,42.8,65.1,50.13,39.6,61.2,39.85,39.0,61.4,33.99,41.6,64.9,22.25,42.9,65.2,30.79,40.5,60.6,45.36,42.4,61.3,33.52,42.7,63.2,36.63,40.7,62.0,30.61,44.1,65.0,43.55,45.1,66.5,44.66,42.4,67.4,23.07,39.7,63.5,28.14,41.7,63.1,34.49,41.1,62.2,33.12,40.8,61.2,43.29,39.0,57.8,52.46,40.1,61.9,24.19,40.0,60.5,31.87,37.7,58.3,42.77,39.7,60.4,34.12,43.8,62.4,35.3,42.0,62.9,32.64,41.2,62.8,24.74,42.2,62.1,33.71,41.2,62.9,28.61,40.7,61.6,23.92,41.0,61.3,29.82,41.7,62.1,21.92,41.2,63.1,33.22,
IA7678,SIGOURNEY,41.33,-92.2,37.1,57.7,44.97,40.6,61.9,27.96,41.8,63.8,17.44,41.9,62.8,31.98,40.4,62.2,27.13,40.5,63.2,17.11,40.6,60.6,29.94,38.8,59.8,30.61,40.0,59.5,36.63,38.9,58.7,35.67,39.7,60.1,38.83,39.3,59.9,32.11,39.7,60.3,32.92,40.4,62.6,23.93,39.3,60.6,45.03,39.3,60.4,31.74,39.6,60.8,35.09,40.1,62.2,27.65,40.0,60.2,42.74,40.4,61.1,39.76,41.2,62.1,31.41,39.4,59.5,35.19,42.7,61.1,46.58,40.8,60.5,32.28,41.3,61.5,22.84,38.6,61.9,26.45,41.0,62.1,35.66,38.3,58.3,34.74,37.8,58.7,34.68,40.8,61.6,30.91,42.0,63.0,35.4,40.2,59.7,44.24,42.8,61.4,28.85,41.0,61.1,40.34,39.2,59.2,31.69,42.6,61.2,35.41,43.7,64.4,32.54,40.5,64.6,16.41,37.6,59.6,24.44,40.9,60.6,45.29,39.9,59.9,33.12,39.4,58.1,45.6,38.3,55.8,56.36,37.7,59.0,29.5,38.1,58.1,35.27,36.1,56.5,32.33,38.0,57.9,37.2,42.6,61.1,48.55,39.5,61.1,31.82,38.6,60.0,36.47,39.4,60.3,37.49,38.8,61.2,26.55,37.6,59.7,29.65,38.7,59.6,31.39,39.6,60.9,14.69,39.9,60.5,34.09,
IA7708,SIOUX-CITY-WSO-AP,42.4,-96.38,34.7,55.9,34.85,36.9,60.1,23.73,38.2,61.9,23.92,39.9,61.0,24.68,38.0,61.3,14.72,37.9,61.4,17.76,39.0,59.4,32.03,37.5,60.2,18.3,38.1,59.1,30.33,36.1,58.0,25.36,37.4,58.4,31.49,37.8,58.2,32.86,38.9,60.6,23.04,38.3,60.1,27.3,37.5,58.7,28.35,36.8,58.8,21.45,36.6,59.1,22.43,37.8,60.3,24.22,36.7,56.7,28.37,37.2,59.0,28.81,38.5,60.0,19.63,37.6,57.5,33.72,40.7,60.3,27.89,38.8,61.4,17.96,37.7,58.4,26.31,36.2,60.7,14.33,38.8,59.8,35.03,34.6,56.0,22.08,35.0,56.1,32.49,37.7,60.4,17.71,38.6,61.9,20.4,36.9,56.8,30.5,39.2,56.9,28.28,39.0,57.7,34.02,37.1,57.5,23.37,39.6,60.4,31.93,41.0,63.4,24.72,37.8,62.1,23.25,36.1,59.9,19.39,38.9,62.1,24.63,39.4,60.7,26.2,38.8,59.1,29.99,36.2,56.0,32.41,37.5,59.1,26.21,37.8,58.8,24.35,34.3,55.9,31.89,36.5,58.8,9.37,40.5,61.4,1.49,38.6,61.6,18.86,37.1,60.5,24.01,37.8,60.2,30.77,37.5,61.1,25.04,36.7,60.6,29.06,37.6,60.8,25.73,39.8,62.9,16.82,37.7,59.4,25.05,
IA7726,SIOUX-RAPIDS,42.88,-95.15,32.9,53.7,38.96,35.0,58.5,21.41,36.5,60.3,26.95,37.4,59.3,35.56,34.9,60.4,14.78,35.0,60.2,18.96,36.2,58.4,32.88,34.8,59.8,12.75,35.3,58.6,37.24,34.6,57.5,26.68,35.0,57.9,31.06,35.5,57.5,30.83,36.0,59.9,19.55,36.0,60.2,27.27,34.7,57.6,30.14,33.9,58.5,17.98,34.8,59.1,19.65,34.3,58.7,31.81,34.2,55.7,32.93,34.7,57.3,21.91,35.5,57.9,26.75,33.9,54.8,32.85,37.8,58.1,35.28,36.3,59.0,14.97,36.7,57.6,36.32,34.0,59.0,17.51,35.4,58.0,38.14,32.6,54.6,30.21,32.3,53.4,36.31,34.8,57.7,26.33,35.9,59.3,25.32,34.0,54.5,42.1,35.8,55.2,38.76,35.9,56.4,15.86,34.4,54.9,28.42,37.7,57.1,31.64,39.2,61.2,24.94,34.9,58.1,28.64,32.2,55.4,15.48,37.1,59.4,26.65,37.0,56.9,41.03,36.8,56.3,36.74,33.9,52.6,43.64,35.1,56.3,33.22,36.1,55.5,28.77,33.2,53.7,36.14,35.8,56.1,22.38,39.5,59.4,38.7,37.6,59.3,27.27,36.1,57.9,28.98,37.4,57.9,30.12,36.8,58.8,26.76,35.4,57.8,28.29,36.4,57.5,32.61,37.6,58.1,17.13,35.4,57.5,28.81,
IA7979,STORM-LAKE-2-E,42.63,-95.18,33.6,53.1,45.85,36.9,57.3,15.84,38.2,59.3,28.67,38.4,58.9,36.87,36.0,59.1,15.72,36.4,59.6,16.81,36.9,57.2,29.32,33.7,57.3,17.85,33.8,55.6,31.37,33.5,55.1,26.7,34.2,55.2,28.01,33.7,55.4,31.23,33.7,57.6,24.37,32.6,58.1,26.47,33.1,55.6,32.75,31.0,56.5,16.97,32.0,56.8,28.13,34.0,57.4,28.15,33.3,54.2,34.11,33.6,55.6,23.8,33.9,56.4,29.14,32.9,53.6,34.13,37.2,56.6,34.08,34.6,57.3,22.3,35.0,56.2,34.27,33.6,59.1,13.88,35.9,57.9,38.35,32.8,54.4,34.8,32.2,53.5,37.23,35.0,57.4,25.14,35.9,59.2,26.48,33.6,54.2,42.91,35.5,54.3,43.37,34.5,55.8,40.17,32.7,54.8,31.96,36.0,57.1,45.35,39.0,61.1,34.8,35.6,58.9,30.43,33.4,56.2,21.12,36.8,58.6,40.59,36.6,56.3,42.78,36.7,56.1,43.85,34.7,52.9,40.01,35.1,56.3,29.97,35.4,55.3,32.59,32.9,53.5,39.23,35.4,55.7,32.64,39.9,58.9,42.33,37.8,58.8,28.82,36.5,57.9,21.78,37.6,58.2,28.05,37.3,58.1,29.5,36.6,57.5,28.97,37.3,57.6,31.34,38.5,58.0,21.16,34.9,56.6,31.02,
IA8266,TIPTON,41.78,-91.12,36.7,58.1,31.28,38.7,61.9,32.1,40.0,63.2,28.13,40.9,62.7,36.27,39.1,62.7,23.14,38.9,62.9,31.91,39.7,61.2,33.36,37.6,60.1,27.49,38.8,59.7,44.84,37.7,59.3,42.13,38.2,60.2,44.18,37.0,59.4,33.85,37.9,60.8,28.15,39.7,61.2,29.65,39.5,58.9,52.48,38.1,60.2,32.1,38.4,59.6,44.68,39.2,61.7,35.24,36.7,58.1,36.73,36.8,58.4,49.85,37.3,59.3,39.03,35.9,56.8,51.7,39.8,59.4,52.07,37.2,58.4,46.87,37.2,59.3,35.54,34.6,59.0,29.13,37.2,59.3,48.23,34.3,56.8,37.74,34.9,57.2,34.56,38.3,59.8,35.05,37.8,61.0,36.07,35.8,58.3,41.01,38.0,60.2,26.56,36.3,59.9,34.27,35.1,58.3,34.24,40.5,58.7,43.26,42.1,62.1,30.53,38.1,60.8,22.03,37.0,57.5,28.84,39.5,59.5,49.59,38.4,59.3,30.18,37.2,57.0,41.84,36.5,54.6,45.51,36.1,57.2,28.73,36.4,56.7,32.25,34.3,54.7,31.54,36.2,56.2,29.27,41.1,60.0,38.58,37.8,59.3,28.73,37.2,58.2,33.16,38.5,58.8,38.74,38.0,59.0,39.38,35.7,58.0,27.76,37.3,58.2,38.24,38.0,58.9,12.91,37.7,59.3,36.32,
IA8296,TOLEDO,41.98,-92.58,36.3,56.0,40.17,38.5,60.1,31.58,39.5,61.5,25.36,40.2,60.9,41.51,38.6,60.1,26.57,38.5,60.3,28.42,39.4,58.4,32.98,38.3,58.1,31.37,38.7,57.5,38.76,35.4,57.5,37.08,34.8,58.4,37.58,35.0,57.7,32.19,36.0,57.8,27.64,36.1,59.2,29.68,35.7,56.9,42.64,34.1,57.9,28.7,34.8,57.5,28.93,36.1,58.7,29.77,35.4,56.4,44.91,36.3,57.7,42.29,35.5,58.4,30.88,34.5,55.9,35.43,38.5,59.1,36.3,36.1,58.3,49.96,35.9,58.3,25.59,33.9,59.2,23.85,36.6,59.3,45.3,34.0,56.5,33.57,34.1,55.9,35.25,36.0,59.6,24.8,37.0,61.3,30.57,35.7,57.7,45.05,37.9,59.6,41.87,36.8,58.7,35.46,34.7,55.9,30.25,37.8,57.3,40.98,40.2,61.2,33.99,36.1,60.6,16.86,35.1,57.3,27.01,38.8,59.5,44.95,38.4,58.6,39.8,37.8,57.2,38.74,37.2,55.2,59.39,36.9,58.7,32.27,38.3,58.7,30.66,36.0,56.9,36.61,37.8,58.2,32.69,40.4,60.1,49.12,37.9,59.6,27.08,36.9,58.2,29.73,37.9,58.3,31.61,37.4,59.2,29.94,35.8,57.8,29.73,36.8,57.8,28.49,38.0,58.3,17.89,36.8,58.4,34.79,
IA8339,TRIPOLI-4-N,42.82,-92.25,34.6,54.3,51.03,37.6,59.4,27.02,38.4,60.2,31.54,38.7,59.8,36.41,36.8,59.3,26.23,35.7,58.2,26.91,36.5,56.4,25.17,35.0,56.8,27.13,35.4,56.2,33.29,36.0,57.3,35.76,36.4,57.1,38.26,36.0,56.0,32.29,36.2,57.7,31.97,37.5,59.6,25.92,36.2,56.4,39.41,35.4,57.0,30.66,35.8,56.4,29.57,37.1,57.6,38.98,36.1,55.6,33.28,36.2,56.1,38.46,36.5,57.1,31.9,35.2,54.3,42.94,39.3,57.6,39.67,37.0,56.7,33.13,36.8,57.4,29.45,34.7,58.6,23.07,36.8,58.3,40.55,34.5,55.5,39.61,34.8,55.3,45.14,36.6,58.4,36.55,37.5,59.5,42.98,34.7,55.1,19.12,36.0,56.0,0.0,35.7,56.7,11.27,33.1,54.2,32.52,35.5,55.1,36.89,38.4,59.1,32.38,33.8,57.7,21.11,33.0,55.3,22.54,36.8,57.7,47.69,35.8,55.9,47.39,35.2,54.9,31.92,34.2,52.8,42.59,34.4,55.6,30.14,35.0,55.2,33.93,34.2,54.0,32.68,36.3,55.5,37.29,40.1,58.8,41.16,37.9,58.4,41.5,36.6,57.1,37.72,37.3,57.7,31.94,36.9,58.4,27.7,35.0,57.5,27.48,36.6,57.2,40.73,37.3,57.2,22.99,36.1,56.8,33.26,
IA8568,VINTON,42.17,-92.0,35.8,56.1,40.8,37.9,61.2,25.56,39.0,62.2,20.08,39.6,61.8,37.09,38.3,61.7,21.58,38.4,60.9,27.26,39.2,59.7,38.81,37.8,59.1,22.67,38.1,57.9,37.04,36.7,57.5,39.82,38.3,58.4,38.15,37.7,57.6,29.02,38.0,59.3,25.42,38.5,60.9,27.39,37.5,57.9,39.85,36.3,58.5,26.01,36.9,58.1,28.44,37.8,59.7,30.51,36.9,57.6,36.48,36.5,58.9,32.05,37.0,59.9,26.8,36.3,57.2,39.82,39.9,60.8,35.31,38.3,59.6,38.26,37.9,59.9,18.94,35.0,60.9,24.44,36.7,61.2,42.55,34.4,58.0,31.26,35.9,57.9,33.03,38.1,59.8,21.02,38.1,60.6,31.81,34.0,57.4,45.11,39.0,59.0,36.56,37.9,58.9,40.32,35.1,57.5,29.6,39.8,58.5,39.26,41.5,62.2,33.52,37.6,61.1,17.7,36.7,57.8,25.65,40.4,60.1,40.58,39.5,59.3,40.97,38.8,57.6,34.5,38.1,55.3,54.97,37.8,58.1,32.75,38.3,57.8,29.73,36.1,56.0,36.89,38.1,57.5,30.15,42.5,61.1,42.63,39.9,61.1,31.87,38.9,59.5,32.71,39.9,59.7,38.0,39.6,60.8,28.23,37.8,59.1,34.91,39.3,59.3,35.96,39.6,60.2,18.92,37.9,59.1,32.96,
IA8688,WASHINGTON,41.28,-91.68,37.8,58.8,50.39,40.8,62.9,30.55,41.8,64.6,21.87,42.0,63.6,33.87,40.4,62.9,25.35,40.7,64.1,18.03,41.1,61.7,33.79,39.4,60.5,32.54,40.6,60.3,43.59,39.2,59.9,39.76,40.0,61.1,37.2,39.3,60.3,30.34,39.6,61.8,27.52,40.7,63.4,24.7,40.0,61.2,52.4,38.7,61.6,29.33,38.8,61.3,36.35,40.6,62.7,27.74,40.2,60.8,34.79,41.0,61.8,41.79,41.6,63.0,33.48,40.2,60.4,35.22,43.9,62.7,46.85,41.8,61.9,39.78,42.1,62.3,20.64,39.5,62.7,26.47,41.7,62.8,35.76,39.2,59.7,36.83,39.3,60.2,30.27,41.7,62.6,31.57,42.2,63.7,32.96,40.0,60.4,43.22,42.2,62.2,32.61,40.9,62.2,31.06,39.5,60.3,34.05,42.8,62.3,39.16,44.2,65.2,25.42,40.8,64.1,18.51,39.6,60.8,27.83,43.2,63.0,40.96,42.5,62.9,27.07,41.6,60.7,39.89,41.1,58.4,51.33,41.5,61.8,29.25,41.4,60.5,36.05,39.5,59.1,31.29,41.2,60.2,38.25,45.5,63.2,50.92,39.1,61.8,33.02,38.4,60.6,32.19,39.5,60.9,43.02,38.8,61.7,29.21,37.0,60.6,29.56,38.7,60.6,36.11,39.5,61.7,14.8,40.8,61.7,34.25,
IA8706,WATERLOO,42.55,-92.4,29.1,48.2,39.45,37.0,58.8,25.53,37.7,60.7,25.25,39.1,58.5,31.42,37.1,58.8,20.53,36.2,58.2,22.81,37.5,56.9,27.82,35.3,57.0,25.63,37.0,56.9,38.85,35.2,56.4,36.65,36.7,56.7,47.36,36.0,55.6,31.89,35.8,57.8,32.65,35.9,58.7,35.93,35.0,55.7,50.79,34.8,57.2,40.65,34.2,55.8,28.68,35.6,56.7,44.62,34.4,54.4,34.52,34.8,55.3,30.05,34.4,55.0,29.36,33.9,53.4,35.59,39.2,57.6,38.46,36.7,56.4,29.6,36.6,57.0,24.09,33.2,57.7,22.32,34.9,56.4,33.96,33.9,54.7,35.36,35.5,55.3,38.12,36.2,57.5,31.73,36.8,58.3,29.63,36.1,55.5,35.06,38.2,56.6,36.53,36.8,57.1,34.45,35.0,55.9,30.18,37.4,57.2,36.7,40.0,61.0,32.15,35.7,60.0,18.99,33.0,57.0,19.62,38.2,59.5,41.5,37.7,58.1,43.15,37.4,57.7,30.97,37.4,55.8,53.07,36.6,58.0,35.3,37.3,57.7,29.51,34.7,55.4,29.79,36.7,56.1,22.27,40.9,60.2,0.24,38.6,60.2,30.97,37.4,58.6,28.76,38.2,58.7,29.32,38.2,60.4,26.86,36.4,59.6,24.33,37.3,58.8,27.42,38.0,58.6,21.73,36.4,57.2,32.11,
IA8755,WAUKON,43.27,-91.48,33.5,51.4,44.32,36.5,56.2,25.49,37.3,57.4,24.66,37.3,57.0,27.92,35.1,56.5,24.18,34.9,55.8,27.61,35.5,55.0,26.49,35.1,55.6,18.14,35.3,53.8,39.64,35.5,54.9,30.99,35.3,54.8,29.45,35.0,52.6,26.79,35.1,55.3,18.44,37.5,57.1,24.78,35.8,53.8,37.66,35.1,54.7,19.94,35.1,54.3,19.36,37.5,55.8,30.44,35.8,54.0,27.77,36.0,54.9,33.5,36.3,55.0,28.78,34.9,52.7,31.47,39.1,56.2,36.98,37.1,55.0,30.03,37.2,54.4,24.49,35.3,56.2,21.76,37.0,55.9,33.71,34.2,53.5,30.28,33.9,53.0,30.1,36.2,55.0,31.44,36.7,56.1,35.75,35.2,53.3,34.11,37.3,54.4,42.2,36.5,55.5,29.48,34.8,53.9,28.92,37.4,55.3,34.04,39.0,58.7,30.32,34.1,57.6,22.93,35.7,54.3,22.13,39.0,57.2,37.49,38.4,55.6,41.62,37.9,54.6,32.5,36.5,53.1,43.5,34.0,55.3,26.76,34.5,55.0,33.6,31.1,52.6,29.52,33.7,54.4,31.49,39.4,58.0,39.2,36.9,57.1,36.47,35.9,55.2,41.93,36.7,56.8,37.53,36.2,56.4,33.65,34.0,55.3,25.78,35.1,55.7,41.15,35.6,56.4,20.6,36.0,55.1,30.75,
IA8806,WEBSTER-CITY,42.47,-93.8,34.6,54.8,37.46,36.3,59.5,24.01,37.6,61.0,24.87,38.4,60.1,37.31,36.4,60.1,28.94,36.2,60.0,22.33,37.6,58.2,28.54,36.0,58.6,20.77,36.7,57.4,28.58,35.5,56.7,27.23,36.5,57.0,34.68,36.3,56.6,26.08,37.2,58.8,28.82,37.8,60.1,26.44,36.5,56.8,40.19,35.4,57.6,20.86,36.2,58.1,25.6,37.1,58.8,30.52,36.1,55.6,43.21,36.6,57.1,25.69,37.2,58.0,25.04,35.5,55.3,40.06,39.1,58.3,40.87,37.2,58.1,31.74,37.5,58.2,26.73,35.6,60.4,22.06,38.0,60.6,35.03,34.9,56.4,33.06,34.5,55.9,36.6,37.0,59.7,21.33,38.0,60.6,26.56,36.2,56.4,39.94,37.6,57.4,42.41,36.9,58.2,35.41,34.8,57.3,27.8,38.1,58.6,36.72,40.0,62.3,32.71,35.9,61.0,18.26,34.9,57.8,27.16,37.9,60.4,36.35,37.8,58.4,44.36,37.4,57.7,30.99,36.2,54.7,54.98,35.8,57.8,33.31,37.0,57.1,31.52,34.8,55.6,37.39,36.5,57.8,27.27,39.6,60.0,44.12,36.8,59.7,37.02,35.7,59.1,27.85,36.9,58.8,36.33,36.2,59.5,34.28,34.7,58.6,30.35,36.0,58.3,44.14,37.5,58.7,23.52,36.7,58.2,31.85,
IA9067,WILLIAMSBURG,41.67,-92.02,35.4,57.8,37.02,37.7,61.6,31.0,39.0,62.8,19.99,39.5,62.2,29.82,37.4,61.3,25.11,37.6,61.8,26.92,39.2,61.2,27.3,37.2,60.0,30.16,38.7,59.6,41.73,36.8,59.2,38.31,37.6,60.4,40.39,37.6,59.5,36.22,37.8,61.1,27.93,38.5,62.7,31.21,37.7,59.9,51.67,36.4,60.3,33.44,37.9,60.0,31.63,38.9,61.1,27.34,38.5,58.8,44.42,39.0,59.8,44.68,39.3,61.0,31.43,37.7,58.0,44.74,41.7,60.9,42.73,39.6,59.9,47.27,39.9,60.7,22.51,37.2,61.3,23.09,39.6,61.2,34.82,37.3,57.9,36.48,37.4,58.1,34.39,39.7,60.6,30.57,40.1,61.9,34.13,38.6,58.2,48.61,40.7,60.0,35.67,39.7,60.4,42.11,37.8,58.7,35.24,40.9,60.6,47.7,42.4,63.1,34.34,39.1,62.7,19.21,36.0,58.1,24.47,39.6,60.0,49.97,38.7,59.6,31.25,38.0,58.5,44.49,37.5,56.3,57.22,36.5,59.3,28.97,37.2,58.6,32.48,35.4,56.6,34.19,37.3,58.1,32.22,41.9,61.5,43.65,38.7,61.4,30.92,38.2,60.1,37.15,38.9,60.5,36.3,38.2,61.0,30.62,36.4,58.7,28.23,37.6,58.9,31.88,38.7,60.2,13.68,38.4,60.1,35.39,
IA9132,WINTERSET,41.33,-94.0,37.2,58.8,39.6,39.3,62.9,39.06,40.1,64.3,18.47,40.2,63.7,33.18,37.8,62.3,23.47,38.3,63.3,23.96,38.4,60.8,27.25,37.5,60.4,27.59,38.5,59.7,37.14,36.7,58.6,32.73,37.1,59.5,41.59,37.5,59.6,25.53,38.7,60.8,26.33,39.0,61.7,33.81,38.1,59.8,35.51,36.6,60.0,21.5,37.5,60.2,24.59,37.9,60.4,26.86,37.5,58.6,36.39,37.8,59.9,34.94,38.2,60.3,24.81,37.2,58.3,42.75,40.5,60.0,47.02,36.5,59.9,38.24,36.3,59.3,38.9,33.4,59.6,30.41,36.8,61.2,39.42,35.2,58.1,36.86,35.0,58.9,29.04,38.1,61.5,34.81,38.9,63.2,36.7,38.0,59.2,37.79,40.4,60.8,21.93,40.6,61.0,13.39,38.1,59.6,20.63,41.8,62.2,37.23,42.5,63.7,35.1,39.1,64.1,18.24,37.9,60.7,27.3,41.6,62.6,38.13,40.7,61.6,36.22,40.4,60.1,38.01,39.2,57.1,49.15,39.4,60.8,24.83,39.6,59.2,30.67,37.6,57.7,40.79,38.3,59.1,25.72,41.7,60.8,34.96,38.9,61.0,30.75,38.1,60.7,25.72,38.9,60.0,30.05,38.0,60.9,25.63,37.1,59.5,30.89,37.8,59.0,38.23,38.5,59.9,20.7,38.4,60.5,31.89,
